# Blender v3.4.1 OBJ File: 'untitled.blend'
# www.blender.org
mtllib Gnosis_Electro.mtl
o Cs_Item_Gnosis_Electro_Model
v 0.000000 0.086657 -0.000010
v -0.003305 0.091335 -0.000010
v 0.000000 0.091800 -0.000316
v 0.003305 0.091335 -0.000010
v 0.000000 0.086657 -0.000010
v 0.000000 0.091800 -0.000316
v -0.003305 0.091335 -0.000010
v 0.000000 0.086657 -0.000010
v 0.000000 0.091800 0.000295
v 0.000000 0.086657 -0.000010
v 0.003305 0.091335 -0.000010
v 0.000000 0.091800 0.000295
v 0.002026 0.097663 0.001058
v 0.003509 0.096180 0.001058
v 0.003509 0.096180 -0.001058
v 0.002026 0.097663 -0.001058
v 0.000000 0.098206 0.001058
v 0.000000 0.098206 -0.001058
v 0.004052 0.094154 -0.001058
v 0.004052 0.094154 0.001058
v 0.003509 0.092128 -0.001058
v 0.003509 0.092128 0.001058
v 0.002026 0.090644 -0.001058
v 0.002026 0.090644 0.001058
v 0.000000 0.090101 -0.001058
v 0.000000 0.090101 0.001058
v -0.002026 0.097663 0.001058
v 0.000000 0.098206 0.001058
v 0.000000 0.098206 -0.001058
v -0.002026 0.097663 -0.001058
v -0.003509 0.096180 0.001058
v -0.003509 0.096180 -0.001058
v -0.004052 0.094154 0.001058
v -0.004052 0.094154 -0.001058
v -0.003509 0.092128 0.001058
v -0.003509 0.092128 -0.001058
v -0.002026 0.090644 0.001058
v -0.002026 0.090644 -0.001058
v 0.000000 0.090101 0.001058
v 0.000000 0.090101 -0.001058
v 0.003509 0.096180 -0.001058
v 0.000000 0.094154 -0.001058
v 0.002026 0.097663 -0.001058
v 0.000000 0.098206 -0.001058
v -0.002026 0.097663 -0.001058
v -0.003509 0.096180 -0.001058
v -0.004052 0.094154 -0.001058
v -0.003509 0.092128 -0.001058
v -0.002026 0.090644 -0.001058
v 0.000000 0.090101 -0.001058
v 0.002026 0.090644 -0.001058
v 0.003509 0.092128 -0.001058
v 0.004052 0.094154 -0.001058
v 0.002026 0.097663 0.001058
v 0.000000 0.094154 0.001058
v 0.003509 0.096180 0.001058
v 0.000000 0.098206 0.001058
v -0.002026 0.097663 0.001058
v -0.003509 0.096180 0.001058
v -0.004052 0.094154 0.001058
v -0.003509 0.092128 0.001058
v -0.002026 0.090644 0.001058
v 0.000000 0.090101 0.001058
v 0.002026 0.090644 0.001058
v 0.003509 0.092128 0.001058
v 0.004052 0.094154 0.001058
v -0.005901 0.044722 0.005901
v -0.004380 0.047618 0.004380
v -0.005771 0.047618 0.001955
v -0.008082 0.044724 0.001898
v -0.005771 0.047618 -0.001955
v -0.004380 0.047618 -0.004380
v -0.005901 0.044722 -0.005901
v -0.008082 0.044724 -0.001898
v -0.004380 0.047618 0.004380
v -0.005674 0.049091 0.005674
v -0.007532 0.049091 0.002011
v -0.005771 0.047618 0.001955
v -0.005674 0.049091 0.005674
v -0.004639 0.050762 0.004639
v -0.006069 0.050762 0.002013
v -0.007532 0.049091 0.002011
v -0.005077 0.050763 0.002088
v -0.004639 0.050762 0.004639
v -0.000000 0.050762 0.000000
v -0.005077 0.050763 -0.002088
v -0.004639 0.050762 -0.004639
v -0.006069 0.050762 -0.002013
v -0.006069 0.050762 0.002013
v 0.002088 0.050763 0.005077
v 0.004639 0.050762 0.004639
v -0.002088 0.050763 0.005077
v -0.004639 0.050762 0.004639
v -0.002013 0.050762 0.006069
v 0.002013 0.050762 0.006069
v -0.006069 0.050762 -0.002013
v -0.004639 0.050762 -0.004639
v -0.005674 0.049091 -0.005674
v -0.007532 0.049091 -0.002011
v -0.007532 0.049091 -0.002011
v -0.005674 0.049091 -0.005674
v -0.004380 0.047618 -0.004380
v -0.005771 0.047618 -0.001955
v -0.008462 0.037069 -0.001045
v -0.009775 0.038755 -0.001146
v -0.006614 0.038645 -0.001810
v -0.005303 0.035751 -0.001030
v -0.007879 0.035741 -0.001054
v -0.011783 0.040061 -0.001387
v -0.010309 0.041169 -0.002311
v -0.011973 0.041239 -0.001770
v -0.012822 0.040372 -0.001572
v -0.013583 0.041099 -0.001727
v -0.013051 0.042464 -0.001808
v -0.014683 0.040763 -0.001747
v -0.008644 0.041099 -0.003451
v -0.016791 0.043259 -0.001780
v -0.013430 0.044719 -0.001849
v -0.011689 0.044575 -0.001850
v -0.010626 0.046673 -0.001916
v -0.008082 0.044724 -0.001898
v -0.009389 0.048312 -0.001963
v -0.005771 0.047618 -0.001955
v -0.007532 0.049091 -0.002011
v -0.008600 0.050208 -0.002013
v -0.006069 0.050762 -0.002013
v -0.008309 0.052241 -0.002060
v -0.005077 0.050763 -0.002088
v -0.007879 0.035741 0.001054
v -0.005303 0.035751 0.001030
v -0.006614 0.038645 0.001810
v -0.008462 0.037069 0.001045
v -0.009775 0.038755 0.001146
v -0.011783 0.040061 0.001387
v -0.010309 0.041169 0.002310
v -0.008644 0.041099 0.003451
v -0.011973 0.041239 0.001768
v -0.012822 0.040372 0.001572
v -0.013583 0.041099 0.001727
v -0.013051 0.042464 0.001808
v -0.014683 0.040763 0.001747
v -0.016791 0.043259 0.001780
v -0.013430 0.044719 0.001849
v -0.011689 0.044575 0.001850
v -0.010626 0.046673 0.001916
v -0.008082 0.044724 0.001898
v -0.005771 0.047618 0.001955
v -0.009389 0.048312 0.001964
v -0.007532 0.049091 0.002011
v -0.008600 0.050208 0.002013
v -0.006069 0.050762 0.002013
v -0.008309 0.052241 0.002060
v -0.005077 0.050763 0.002088
v -0.007879 0.035741 -0.001054
v -0.005303 0.035751 -0.001030
v -0.005303 0.035751 0.001030
v -0.007879 0.035741 0.001054
v -0.009775 0.038755 0.001146
v -0.009775 0.038755 -0.001146
v -0.008462 0.037069 -0.001045
v -0.008462 0.037069 0.001045
v -0.011783 0.040061 0.001387
v -0.011783 0.040061 -0.001387
v -0.012822 0.040372 0.001572
v -0.012822 0.040372 -0.001572
v -0.013583 0.041099 0.001727
v -0.013583 0.041099 -0.001727
v -0.007879 0.035741 -0.001054
v -0.007879 0.035741 0.001054
v -0.008309 0.052241 0.002060
v -0.005077 0.050763 0.002088
v -0.005077 0.050763 -0.002088
v -0.008309 0.052241 -0.002060
v -0.016791 0.043259 -0.001780
v -0.014683 0.040763 -0.001747
v -0.014683 0.040763 0.001747
v -0.016791 0.043259 0.001780
v -0.013430 0.044719 0.001849
v -0.013430 0.044719 -0.001849
v -0.016791 0.043259 -0.001780
v -0.016791 0.043259 0.001780
v -0.010626 0.046673 0.001916
v -0.010626 0.046673 -0.001916
v -0.009389 0.048312 0.001964
v -0.009389 0.048312 -0.001963
v -0.008600 0.050208 0.002013
v -0.008600 0.050208 -0.002013
v -0.008309 0.052241 0.002060
v -0.008309 0.052241 -0.002060
v -0.013583 0.041099 -0.001727
v -0.013583 0.041099 0.001727
v -0.014683 0.040763 0.001747
v -0.014683 0.040763 -0.001747
v -0.003054 0.029810 -0.003054
v -0.004319 0.029810 0.000000
v -0.005303 0.035751 -0.001030
v -0.003882 0.035751 -0.003882
v -0.006614 0.038645 -0.001810
v -0.004905 0.038645 -0.004905
v -0.008644 0.041099 -0.003451
v -0.006592 0.041100 -0.006592
v -0.005303 0.035751 0.001030
v -0.001030 0.035751 -0.005303
v 0.000000 0.029810 -0.004319
v -0.001810 0.038645 -0.006614
v -0.003451 0.041099 -0.008644
v -0.003054 0.029810 0.003054
v -0.003882 0.035751 0.003882
v -0.005303 0.035751 0.001030
v -0.004319 0.029810 0.000000
v -0.006614 0.038645 0.001810
v -0.004905 0.038645 0.004905
v -0.008644 0.041099 0.003451
v -0.006592 0.041100 0.006592
v -0.001030 0.035751 0.005303
v -0.000000 0.029810 0.004319
v -0.003451 0.041099 0.008644
v -0.001810 0.038645 0.006614
v 0.001030 0.035751 0.005303
v -0.009360 0.042491 0.009360
v -0.012230 0.042491 0.005066
v -0.011193 0.041239 0.004636
v -0.008566 0.041239 0.008566
v -0.013051 0.042464 0.001808
v -0.011973 0.041239 0.001768
v -0.012230 0.042491 -0.005066
v -0.009360 0.042491 -0.009360
v -0.008566 0.041239 -0.008566
v -0.011193 0.041239 -0.004636
v -0.013051 0.042464 -0.001808
v -0.011973 0.041239 -0.001770
v -0.008484 0.044574 0.008484
v -0.011084 0.044574 0.004591
v -0.012230 0.042491 0.005066
v -0.009360 0.042491 0.009360
v -0.011689 0.044575 0.001850
v -0.013051 0.042464 0.001808
v -0.011084 0.044574 -0.004591
v -0.008484 0.044574 -0.008484
v -0.009360 0.042491 -0.009360
v -0.012230 0.042491 -0.005066
v -0.011689 0.044575 -0.001850
v -0.013051 0.042464 -0.001808
v -0.011193 0.041239 0.004636
v -0.008644 0.041099 0.003451
v -0.006592 0.041100 0.006592
v -0.010309 0.041169 0.002310
v -0.008566 0.041239 0.008566
v -0.011973 0.041239 0.001768
v -0.008566 0.041239 -0.008566
v -0.006592 0.041100 -0.006592
v -0.011193 0.041239 -0.004636
v -0.008644 0.041099 -0.003451
v -0.010309 0.041169 -0.002311
v -0.011973 0.041239 -0.001770
v -0.008082 0.044724 0.001898
v -0.011689 0.044575 0.001850
v -0.011084 0.044574 0.004591
v -0.005901 0.044722 0.005901
v -0.008484 0.044574 0.008484
v -0.011084 0.044574 -0.004591
v -0.005901 0.044722 -0.005901
v -0.008484 0.044574 -0.008484
v -0.008082 0.044724 -0.001898
v -0.011689 0.044575 -0.001850
v -0.005901 0.044722 -0.005901
v -0.004380 0.047618 -0.004380
v -0.001955 0.047618 -0.005771
v -0.001898 0.044724 -0.008082
v 0.001955 0.047618 -0.005771
v 0.004380 0.047618 -0.004380
v 0.005901 0.044722 -0.005901
v 0.001898 0.044724 -0.008082
v -0.004380 0.047618 -0.004380
v -0.005674 0.049091 -0.005674
v -0.002011 0.049091 -0.007532
v -0.001955 0.047618 -0.005771
v -0.005674 0.049091 -0.005674
v -0.004639 0.050762 -0.004639
v -0.002013 0.050762 -0.006069
v -0.002011 0.049091 -0.007532
v -0.002088 0.050763 -0.005077
v -0.004639 0.050762 -0.004639
v -0.000000 0.050762 0.000000
v 0.002088 0.050763 -0.005077
v 0.004639 0.050762 -0.004639
v 0.002013 0.050762 -0.006069
v -0.002013 0.050762 -0.006069
v 0.005077 0.050763 -0.002088
v 0.004639 0.050762 -0.004639
v 0.005077 0.050763 0.002088
v 0.004639 0.050762 0.004639
v 0.006069 0.050762 0.002013
v 0.006069 0.050762 -0.002013
v 0.002013 0.050762 -0.006069
v 0.004639 0.050762 -0.004639
v 0.005674 0.049091 -0.005674
v 0.002011 0.049091 -0.007532
v 0.002011 0.049091 -0.007532
v 0.005674 0.049091 -0.005674
v 0.004380 0.047618 -0.004380
v 0.001955 0.047618 -0.005771
v 0.001045 0.037069 -0.008462
v 0.001146 0.038755 -0.009775
v 0.001810 0.038645 -0.006614
v 0.001030 0.035751 -0.005303
v 0.001054 0.035741 -0.007879
v 0.001387 0.040061 -0.011783
v 0.002311 0.041169 -0.010309
v 0.001770 0.041239 -0.011973
v 0.001572 0.040372 -0.012822
v 0.001727 0.041099 -0.013583
v 0.001808 0.042464 -0.013051
v 0.001747 0.040763 -0.014683
v 0.003451 0.041099 -0.008644
v 0.001780 0.043259 -0.016791
v 0.001849 0.044719 -0.013430
v 0.001850 0.044575 -0.011689
v 0.001916 0.046673 -0.010626
v 0.001898 0.044724 -0.008082
v 0.001964 0.048312 -0.009389
v 0.001955 0.047618 -0.005771
v 0.002011 0.049091 -0.007532
v 0.002013 0.050208 -0.008600
v 0.002013 0.050762 -0.006069
v 0.002060 0.052241 -0.008309
v 0.002088 0.050763 -0.005077
v -0.001054 0.035741 -0.007879
v -0.001030 0.035751 -0.005303
v -0.001810 0.038645 -0.006614
v -0.001045 0.037069 -0.008462
v -0.001146 0.038755 -0.009775
v -0.001387 0.040061 -0.011783
v -0.002310 0.041169 -0.010309
v -0.003451 0.041099 -0.008644
v -0.001768 0.041239 -0.011973
v -0.001572 0.040372 -0.012822
v -0.001727 0.041099 -0.013583
v -0.001808 0.042464 -0.013051
v -0.001747 0.040763 -0.014683
v -0.001780 0.043259 -0.016791
v -0.001849 0.044719 -0.013430
v -0.001850 0.044575 -0.011689
v -0.001916 0.046673 -0.010626
v -0.001898 0.044724 -0.008082
v -0.001955 0.047618 -0.005771
v -0.001964 0.048312 -0.009389
v -0.002011 0.049091 -0.007532
v -0.002013 0.050208 -0.008600
v -0.002013 0.050762 -0.006069
v -0.002060 0.052241 -0.008309
v -0.002088 0.050763 -0.005077
v 0.001054 0.035741 -0.007879
v 0.001030 0.035751 -0.005303
v -0.001030 0.035751 -0.005303
v -0.001054 0.035741 -0.007879
v -0.001146 0.038755 -0.009775
v 0.001146 0.038755 -0.009775
v 0.001045 0.037069 -0.008462
v -0.001045 0.037069 -0.008462
v -0.001387 0.040061 -0.011783
v 0.001387 0.040061 -0.011783
v -0.001572 0.040372 -0.012822
v 0.001572 0.040372 -0.012822
v -0.001727 0.041099 -0.013583
v 0.001727 0.041099 -0.013583
v 0.001054 0.035741 -0.007879
v -0.001054 0.035741 -0.007879
v -0.002060 0.052241 -0.008309
v -0.002088 0.050763 -0.005077
v 0.002088 0.050763 -0.005077
v 0.002060 0.052241 -0.008309
v 0.001780 0.043259 -0.016791
v 0.001747 0.040763 -0.014683
v -0.001747 0.040763 -0.014683
v -0.001780 0.043259 -0.016791
v -0.001849 0.044719 -0.013430
v 0.001849 0.044719 -0.013430
v 0.001780 0.043259 -0.016791
v -0.001780 0.043259 -0.016791
v -0.001916 0.046673 -0.010626
v 0.001916 0.046673 -0.010626
v -0.001964 0.048312 -0.009389
v 0.001964 0.048312 -0.009389
v -0.002013 0.050208 -0.008600
v 0.002013 0.050208 -0.008600
v -0.002060 0.052241 -0.008309
v 0.002060 0.052241 -0.008309
v 0.001727 0.041099 -0.013583
v -0.001727 0.041099 -0.013583
v -0.001747 0.040763 -0.014683
v 0.001747 0.040763 -0.014683
v 0.003054 0.029810 -0.003054
v 0.000000 0.029810 -0.004319
v 0.001030 0.035751 -0.005303
v 0.003882 0.035751 -0.003882
v 0.001810 0.038645 -0.006614
v 0.004905 0.038645 -0.004905
v 0.003451 0.041099 -0.008644
v 0.006592 0.041100 -0.006592
v -0.001030 0.035751 -0.005303
v 0.005303 0.035751 -0.001030
v 0.004319 0.029810 0.000000
v 0.006614 0.038645 -0.001810
v 0.008644 0.041099 -0.003451
v -0.009360 0.042491 -0.009360
v -0.005066 0.042491 -0.012230
v -0.004636 0.041239 -0.011193
v -0.008566 0.041239 -0.008566
v -0.001808 0.042464 -0.013051
v -0.001768 0.041239 -0.011973
v 0.005066 0.042491 -0.012230
v 0.009360 0.042491 -0.009360
v 0.008566 0.041239 -0.008566
v 0.004636 0.041239 -0.011193
v 0.001808 0.042464 -0.013051
v 0.001770 0.041239 -0.011973
v -0.008484 0.044574 -0.008484
v -0.004591 0.044574 -0.011084
v -0.005066 0.042491 -0.012230
v -0.009360 0.042491 -0.009360
v -0.001850 0.044575 -0.011689
v -0.001808 0.042464 -0.013051
v 0.004591 0.044574 -0.011084
v 0.008484 0.044574 -0.008484
v 0.009360 0.042491 -0.009360
v 0.005066 0.042491 -0.012230
v 0.001850 0.044575 -0.011689
v 0.001808 0.042464 -0.013051
v -0.004636 0.041239 -0.011193
v -0.003451 0.041099 -0.008644
v -0.006592 0.041100 -0.006592
v -0.002310 0.041169 -0.010309
v -0.008566 0.041239 -0.008566
v -0.001768 0.041239 -0.011973
v 0.008566 0.041239 -0.008566
v 0.006592 0.041100 -0.006592
v 0.004636 0.041239 -0.011193
v 0.003451 0.041099 -0.008644
v 0.002311 0.041169 -0.010309
v 0.001770 0.041239 -0.011973
v -0.001898 0.044724 -0.008082
v -0.001850 0.044575 -0.011689
v -0.004591 0.044574 -0.011084
v -0.005901 0.044722 -0.005901
v -0.008484 0.044574 -0.008484
v 0.004591 0.044574 -0.011084
v 0.005901 0.044722 -0.005901
v 0.008484 0.044574 -0.008484
v 0.001898 0.044724 -0.008082
v 0.001850 0.044575 -0.011689
v 0.005901 0.044722 0.005901
v 0.004380 0.047618 0.004380
v 0.001955 0.047618 0.005771
v 0.001898 0.044724 0.008082
v -0.001955 0.047618 0.005771
v -0.004380 0.047618 0.004380
v -0.005901 0.044722 0.005901
v -0.001898 0.044724 0.008082
v 0.004380 0.047618 0.004380
v 0.005674 0.049091 0.005674
v 0.002011 0.049091 0.007532
v 0.001955 0.047618 0.005771
v 0.005674 0.049091 0.005674
v 0.004639 0.050762 0.004639
v 0.002013 0.050762 0.006069
v 0.002011 0.049091 0.007532
v -0.002013 0.050762 0.006069
v -0.004639 0.050762 0.004639
v -0.005674 0.049091 0.005674
v -0.002011 0.049091 0.007532
v -0.002011 0.049091 0.007532
v -0.005674 0.049091 0.005674
v -0.004380 0.047618 0.004380
v -0.001955 0.047618 0.005771
v -0.001045 0.037069 0.008462
v -0.001146 0.038755 0.009775
v -0.001810 0.038645 0.006614
v -0.001030 0.035751 0.005303
v -0.001054 0.035741 0.007879
v -0.001387 0.040061 0.011783
v -0.002311 0.041169 0.010309
v -0.001770 0.041239 0.011973
v -0.001572 0.040372 0.012822
v -0.001727 0.041099 0.013583
v -0.001808 0.042464 0.013051
v -0.001747 0.040763 0.014683
v -0.003451 0.041099 0.008644
v -0.001780 0.043259 0.016791
v -0.001849 0.044719 0.013430
v -0.001850 0.044575 0.011689
v -0.001916 0.046673 0.010626
v -0.001898 0.044724 0.008082
v -0.001964 0.048312 0.009389
v -0.001955 0.047618 0.005771
v -0.002011 0.049091 0.007532
v -0.002013 0.050208 0.008600
v -0.002013 0.050762 0.006069
v -0.002060 0.052241 0.008309
v -0.002088 0.050763 0.005077
v 0.001054 0.035741 0.007879
v 0.001030 0.035751 0.005303
v 0.001810 0.038645 0.006614
v 0.001045 0.037069 0.008462
v 0.001146 0.038755 0.009775
v 0.001387 0.040061 0.011783
v 0.002310 0.041169 0.010309
v 0.003451 0.041099 0.008644
v 0.001768 0.041239 0.011973
v 0.001572 0.040372 0.012822
v 0.001727 0.041099 0.013583
v 0.001808 0.042464 0.013051
v 0.001747 0.040763 0.014683
v 0.001780 0.043259 0.016791
v 0.001849 0.044719 0.013430
v 0.001850 0.044575 0.011689
v 0.001916 0.046673 0.010626
v 0.001898 0.044724 0.008082
v 0.001955 0.047618 0.005771
v 0.001964 0.048312 0.009389
v 0.002011 0.049091 0.007532
v 0.002013 0.050208 0.008600
v 0.002013 0.050762 0.006069
v 0.002060 0.052241 0.008309
v 0.002088 0.050763 0.005077
v -0.001054 0.035741 0.007879
v -0.001030 0.035751 0.005303
v 0.001030 0.035751 0.005303
v 0.001054 0.035741 0.007879
v 0.001146 0.038755 0.009775
v -0.001146 0.038755 0.009775
v -0.001045 0.037069 0.008462
v 0.001045 0.037069 0.008462
v 0.001387 0.040061 0.011783
v -0.001387 0.040061 0.011783
v 0.001572 0.040372 0.012822
v -0.001572 0.040372 0.012822
v 0.001727 0.041099 0.013583
v -0.001727 0.041099 0.013583
v -0.001054 0.035741 0.007879
v 0.001054 0.035741 0.007879
v 0.002060 0.052241 0.008309
v 0.002088 0.050763 0.005077
v -0.002088 0.050763 0.005077
v -0.002060 0.052241 0.008309
v -0.001780 0.043259 0.016791
v -0.001747 0.040763 0.014683
v 0.001747 0.040763 0.014683
v 0.001780 0.043259 0.016791
v 0.001849 0.044719 0.013430
v -0.001849 0.044719 0.013430
v -0.001780 0.043259 0.016791
v 0.001780 0.043259 0.016791
v 0.001916 0.046673 0.010626
v -0.001916 0.046673 0.010626
v 0.001964 0.048312 0.009389
v -0.001964 0.048312 0.009389
v 0.002013 0.050208 0.008600
v -0.002013 0.050208 0.008600
v 0.002060 0.052241 0.008309
v -0.002060 0.052241 0.008309
v -0.001727 0.041099 0.013583
v 0.001727 0.041099 0.013583
v 0.001747 0.040763 0.014683
v -0.001747 0.040763 0.014683
v 0.003054 0.029810 0.003054
v 0.003882 0.035751 0.003882
v 0.001030 0.035751 0.005303
v -0.000000 0.029810 0.004319
v 0.001810 0.038645 0.006614
v 0.004905 0.038645 0.004905
v 0.003451 0.041099 0.008644
v 0.006592 0.041100 0.006592
v 0.005303 0.035751 0.001030
v 0.004319 0.029810 0.000000
v 0.008644 0.041099 0.003451
v 0.006614 0.038645 0.001810
v 0.005303 0.035751 -0.001030
v 0.009360 0.042491 0.009360
v 0.005066 0.042491 0.012230
v 0.004636 0.041239 0.011193
v 0.008566 0.041239 0.008566
v 0.001808 0.042464 0.013051
v 0.001768 0.041239 0.011973
v -0.005066 0.042491 0.012230
v -0.009360 0.042491 0.009360
v -0.008566 0.041239 0.008566
v -0.004636 0.041239 0.011193
v -0.001808 0.042464 0.013051
v -0.001770 0.041239 0.011973
v 0.008484 0.044574 0.008484
v 0.004591 0.044574 0.011084
v 0.005066 0.042491 0.012230
v 0.009360 0.042491 0.009360
v 0.001850 0.044575 0.011689
v 0.001808 0.042464 0.013051
v -0.004591 0.044574 0.011084
v -0.008484 0.044574 0.008484
v -0.009360 0.042491 0.009360
v -0.005066 0.042491 0.012230
v -0.001850 0.044575 0.011689
v -0.001808 0.042464 0.013051
v 0.004636 0.041239 0.011193
v 0.003451 0.041099 0.008644
v 0.006592 0.041100 0.006592
v 0.002310 0.041169 0.010309
v 0.008566 0.041239 0.008566
v 0.001768 0.041239 0.011973
v -0.008566 0.041239 0.008566
v -0.006592 0.041100 0.006592
v -0.004636 0.041239 0.011193
v -0.003451 0.041099 0.008644
v -0.002311 0.041169 0.010309
v -0.001770 0.041239 0.011973
v 0.001898 0.044724 0.008082
v 0.001850 0.044575 0.011689
v 0.004591 0.044574 0.011084
v 0.005901 0.044722 0.005901
v 0.008484 0.044574 0.008484
v -0.004591 0.044574 0.011084
v -0.005901 0.044722 0.005901
v -0.008484 0.044574 0.008484
v -0.001898 0.044724 0.008082
v -0.001850 0.044575 0.011689
v 0.005901 0.044722 -0.005901
v 0.004380 0.047618 -0.004380
v 0.005771 0.047618 -0.001955
v 0.008082 0.044724 -0.001898
v 0.005771 0.047618 0.001955
v 0.004380 0.047618 0.004380
v 0.005901 0.044722 0.005901
v 0.008082 0.044724 0.001898
v 0.004380 0.047618 -0.004380
v 0.005674 0.049091 -0.005674
v 0.007532 0.049091 -0.002011
v 0.005771 0.047618 -0.001955
v 0.005674 0.049091 -0.005674
v 0.004639 0.050762 -0.004639
v 0.006069 0.050762 -0.002013
v 0.007532 0.049091 -0.002011
v 0.006069 0.050762 0.002013
v 0.004639 0.050762 0.004639
v 0.005674 0.049091 0.005674
v 0.007532 0.049091 0.002011
v 0.007532 0.049091 0.002011
v 0.005674 0.049091 0.005674
v 0.004380 0.047618 0.004380
v 0.005771 0.047618 0.001955
v 0.008462 0.037069 0.001045
v 0.009775 0.038755 0.001146
v 0.006614 0.038645 0.001810
v 0.005303 0.035751 0.001030
v 0.007879 0.035741 0.001054
v 0.011783 0.040061 0.001387
v 0.010309 0.041169 0.002311
v 0.011973 0.041239 0.001770
v 0.012822 0.040372 0.001572
v 0.013583 0.041099 0.001727
v 0.013051 0.042464 0.001808
v 0.014683 0.040763 0.001747
v 0.008644 0.041099 0.003451
v 0.016791 0.043259 0.001780
v 0.013430 0.044719 0.001849
v 0.011689 0.044575 0.001850
v 0.010626 0.046673 0.001916
v 0.008082 0.044724 0.001898
v 0.009389 0.048312 0.001964
v 0.005771 0.047618 0.001955
v 0.007532 0.049091 0.002011
v 0.008600 0.050208 0.002013
v 0.006069 0.050762 0.002013
v 0.008309 0.052241 0.002060
v 0.005077 0.050763 0.002088
v 0.007879 0.035741 -0.001054
v 0.005303 0.035751 -0.001030
v 0.006614 0.038645 -0.001810
v 0.008462 0.037069 -0.001045
v 0.009775 0.038755 -0.001146
v 0.011783 0.040061 -0.001387
v 0.010309 0.041169 -0.002310
v 0.008644 0.041099 -0.003451
v 0.011973 0.041239 -0.001768
v 0.012822 0.040372 -0.001572
v 0.013583 0.041099 -0.001727
v 0.013051 0.042464 -0.001808
v 0.014683 0.040763 -0.001747
v 0.016791 0.043259 -0.001780
v 0.013430 0.044719 -0.001849
v 0.011689 0.044575 -0.001850
v 0.010626 0.046673 -0.001916
v 0.008082 0.044724 -0.001898
v 0.005771 0.047618 -0.001955
v 0.009389 0.048312 -0.001963
v 0.007532 0.049091 -0.002011
v 0.008600 0.050208 -0.002013
v 0.006069 0.050762 -0.002013
v 0.008309 0.052241 -0.002060
v 0.005077 0.050763 -0.002088
v 0.007879 0.035741 0.001054
v 0.005303 0.035751 0.001030
v 0.005303 0.035751 -0.001030
v 0.007879 0.035741 -0.001054
v 0.009775 0.038755 -0.001146
v 0.009775 0.038755 0.001146
v 0.008462 0.037069 0.001045
v 0.008462 0.037069 -0.001045
v 0.011783 0.040061 -0.001387
v 0.011783 0.040061 0.001387
v 0.012822 0.040372 -0.001572
v 0.012822 0.040372 0.001572
v 0.013583 0.041099 -0.001727
v 0.013583 0.041099 0.001727
v 0.007879 0.035741 0.001054
v 0.007879 0.035741 -0.001054
v 0.008309 0.052241 -0.002060
v 0.005077 0.050763 -0.002088
v 0.005077 0.050763 0.002088
v 0.008309 0.052241 0.002060
v 0.016791 0.043259 0.001780
v 0.014683 0.040763 0.001747
v 0.014683 0.040763 -0.001747
v 0.016791 0.043259 -0.001780
v 0.013430 0.044719 -0.001849
v 0.013430 0.044719 0.001849
v 0.016791 0.043259 0.001780
v 0.016791 0.043259 -0.001780
v 0.010626 0.046673 -0.001916
v 0.010626 0.046673 0.001916
v 0.009389 0.048312 -0.001963
v 0.009389 0.048312 0.001964
v 0.008600 0.050208 -0.002013
v 0.008600 0.050208 0.002013
v 0.008309 0.052241 -0.002060
v 0.008309 0.052241 0.002060
v 0.013583 0.041099 0.001727
v 0.013583 0.041099 -0.001727
v 0.014683 0.040763 -0.001747
v 0.014683 0.040763 0.001747
v 0.009360 0.042491 -0.009360
v 0.012230 0.042491 -0.005066
v 0.011193 0.041239 -0.004636
v 0.008566 0.041239 -0.008566
v 0.013051 0.042464 -0.001808
v 0.011973 0.041239 -0.001768
v 0.012230 0.042491 0.005066
v 0.009360 0.042491 0.009360
v 0.008566 0.041239 0.008566
v 0.011193 0.041239 0.004636
v 0.013051 0.042464 0.001808
v 0.011973 0.041239 0.001770
v 0.008484 0.044574 -0.008484
v 0.011084 0.044574 -0.004591
v 0.012230 0.042491 -0.005066
v 0.009360 0.042491 -0.009360
v 0.011689 0.044575 -0.001850
v 0.013051 0.042464 -0.001808
v 0.011084 0.044574 0.004591
v 0.008484 0.044574 0.008484
v 0.009360 0.042491 0.009360
v 0.012230 0.042491 0.005066
v 0.011689 0.044575 0.001850
v 0.013051 0.042464 0.001808
v 0.011193 0.041239 -0.004636
v 0.008644 0.041099 -0.003451
v 0.006592 0.041100 -0.006592
v 0.010309 0.041169 -0.002310
v 0.008566 0.041239 -0.008566
v 0.011973 0.041239 -0.001768
v 0.008566 0.041239 0.008566
v 0.006592 0.041100 0.006592
v 0.011193 0.041239 0.004636
v 0.008644 0.041099 0.003451
v 0.010309 0.041169 0.002311
v 0.011973 0.041239 0.001770
v 0.008082 0.044724 -0.001898
v 0.011689 0.044575 -0.001850
v 0.011084 0.044574 -0.004591
v 0.005901 0.044722 -0.005901
v 0.008484 0.044574 -0.008484
v 0.011084 0.044574 0.004591
v 0.005901 0.044722 0.005901
v 0.008484 0.044574 0.008484
v 0.008082 0.044724 0.001898
v 0.011689 0.044575 0.001850
v 0.003386 0.024075 -0.005864
v 0.005864 0.024075 -0.003386
v 0.005864 0.020577 -0.003386
v 0.003386 0.020577 -0.005864
v 0.000000 0.024075 -0.006771
v 0.000000 0.020577 -0.006771
v -0.003386 0.024075 -0.005864
v -0.003386 0.020577 -0.005864
v -0.005864 0.024075 -0.003386
v -0.005864 0.020577 -0.003386
v -0.006771 0.024075 0.000000
v -0.006771 0.020577 0.000000
v 0.006771 0.020577 0.000000
v 0.006771 0.024075 0.000000
v -0.005864 0.024075 0.003386
v -0.006771 0.024075 0.000000
v -0.005864 0.020577 0.003386
v -0.003386 0.024075 0.005864
v -0.003386 0.020577 0.005864
v 0.000000 0.024075 0.006771
v 0.000000 0.020577 0.006771
v 0.003386 0.024075 0.005864
v 0.000000 0.020577 0.006771
v 0.003386 0.020577 0.005864
v 0.005864 0.024075 0.003386
v 0.005864 0.020577 0.003386
v 0.006771 0.024075 0.000000
v 0.005864 0.020577 -0.003386
v 0.004205 0.020361 -0.004205
v 0.003386 0.020577 -0.005864
v 0.005946 0.020361 0.000000
v 0.006771 0.020577 0.000000
v 0.000000 0.020361 -0.005946
v 0.000000 0.020577 -0.006771
v 0.000000 0.020577 -0.006771
v 0.000000 0.020361 -0.005946
v -0.003386 0.020577 -0.005864
v -0.004205 0.020361 -0.004205
v -0.005864 0.020577 -0.003386
v -0.005946 0.020361 0.000000
v -0.006771 0.020577 0.000000
v -0.006771 0.020577 0.000000
v -0.005946 0.020361 0.000000
v -0.005864 0.020577 0.003386
v -0.004205 0.020361 0.004205
v -0.003386 0.020577 0.005864
v -0.000000 0.020361 0.005946
v 0.000000 0.020577 0.006771
v 0.000000 0.020577 0.006771
v -0.000000 0.020361 0.005946
v 0.003386 0.020577 0.005864
v 0.004205 0.020361 0.004205
v 0.005864 0.020577 0.003386
v 0.005946 0.020361 0.000000
v 0.006771 0.020577 0.000000
v 0.003386 0.024075 -0.005864
v 0.003436 0.024280 -0.003436
v 0.005864 0.024075 -0.003386
v 0.000000 0.024280 -0.004860
v 0.004860 0.024280 0.000000
v 0.006771 0.024075 0.000000
v 0.000000 0.024075 -0.006771
v -0.003386 0.024075 -0.005864
v -0.003436 0.024280 -0.003436
v 0.000000 0.024280 -0.004860
v -0.005864 0.024075 -0.003386
v -0.004860 0.024280 0.000000
v 0.000000 0.024075 -0.006771
v -0.006771 0.024075 0.000000
v -0.005864 0.024075 0.003386
v -0.003436 0.024280 0.003436
v -0.004860 0.024280 0.000000
v -0.003386 0.024075 0.005864
v -0.000000 0.024280 0.004860
v -0.006771 0.024075 0.000000
v 0.000000 0.024075 0.006771
v 0.003386 0.024075 0.005864
v 0.003436 0.024280 0.003436
v -0.000000 0.024280 0.004860
v 0.005864 0.024075 0.003386
v 0.004860 0.024280 0.000000
v 0.006771 0.024075 0.000000
v 0.000000 0.024075 0.006771
v 0.004626 0.000017 -0.014238
v 0.008734 0.003655 -0.012112
v 0.008734 0.000017 -0.012112
v 0.004626 0.003655 -0.014238
v 0.000000 0.003655 -0.014971
v 0.000000 0.000017 -0.014971
v -0.004626 0.003655 -0.014238
v -0.004626 0.000017 -0.014238
v -0.008734 0.003655 -0.012112
v -0.008734 0.000017 -0.012112
v 0.004136 0.005221 -0.012748
v 0.007431 0.005222 -0.011093
v 0.008734 0.003655 -0.012112
v 0.004626 0.003655 -0.014238
v 0.000000 0.005219 -0.013365
v 0.000000 0.003655 -0.014971
v 0.006087 0.008575 -0.009993
v 0.003472 0.008564 -0.011200
v 0.000000 0.008570 -0.011728
v -0.004136 0.005221 -0.012748
v 0.000000 0.005219 -0.013365
v 0.000000 0.003655 -0.014971
v -0.004626 0.003655 -0.014238
v -0.007431 0.005222 -0.011093
v -0.006087 0.008575 -0.009993
v -0.003472 0.008564 -0.011200
v -0.008734 0.003655 -0.012112
v 0.000000 0.008570 -0.011728
v 0.006087 0.008575 -0.009993
v 0.003472 0.008564 -0.011200
v 0.003047 0.008803 -0.010483
v 0.005554 0.008809 -0.009401
v 0.000000 0.008570 -0.011728
v 0.000000 0.008802 -0.010891
v -0.003472 0.008564 -0.011200
v -0.006087 0.008575 -0.009993
v -0.005554 0.008809 -0.009401
v -0.003047 0.008803 -0.010483
v 0.000000 0.008570 -0.011728
v 0.000000 0.008802 -0.010891
v 0.003751 0.013725 -0.008038
v 0.005554 0.008809 -0.009401
v 0.003047 0.008803 -0.010483
v 0.000000 0.013725 -0.008814
v 0.000000 0.008802 -0.010891
v -0.003751 0.013725 -0.008038
v 0.000000 0.013725 -0.008814
v -0.003047 0.008803 -0.010483
v 0.000000 0.008802 -0.010891
v -0.005554 0.008809 -0.009401
v -0.010831 0.003655 -0.008091
v -0.008062 0.003655 -0.010860
v -0.008062 0.000017 -0.010860
v -0.010831 0.000017 -0.008091
v -0.010831 0.003655 -0.008091
v -0.009913 0.005222 -0.006849
v -0.006835 0.005222 -0.009926
v -0.008062 0.003655 -0.010860
v -0.005707 0.013725 -0.005702
v -0.007232 0.014027 -0.003455
v -0.004205 0.020361 -0.004205
v -0.003455 0.014027 -0.007232
v -0.005946 0.020361 0.000000
v -0.007824 0.014035 0.000000
v 0.000000 0.020361 -0.005946
v 0.000000 0.014035 -0.007824
v -0.003751 0.013725 -0.008038
v -0.005554 0.008809 -0.009401
v -0.006835 0.005222 -0.009926
v -0.003455 0.014027 -0.007232
v -0.006087 0.008575 -0.009993
v -0.007431 0.005222 -0.011093
v -0.008734 0.003655 -0.012112
v -0.008062 0.003655 -0.010860
v -0.008062 0.000017 -0.010860
v -0.008062 0.003655 -0.010860
v -0.008734 0.003655 -0.012112
v -0.008734 0.000017 -0.012112
v 0.008062 0.003655 -0.010860
v 0.008062 0.000017 -0.010860
v 0.008734 0.000017 -0.012112
v 0.008734 0.003655 -0.012112
v 0.005554 0.008809 -0.009401
v 0.003751 0.013725 -0.008038
v 0.003455 0.014027 -0.007232
v 0.006835 0.005222 -0.009926
v 0.006087 0.008575 -0.009993
v 0.007431 0.005222 -0.011093
v 0.008734 0.003655 -0.012112
v 0.008062 0.003655 -0.010860
v 0.000000 0.013725 -0.008814
v -0.003751 0.013725 -0.008038
v -0.003455 0.014027 -0.007232
v 0.000000 0.014035 -0.007824
v 0.003751 0.013725 -0.008038
v 0.000000 0.013725 -0.008814
v 0.000000 0.014035 -0.007824
v 0.003455 0.014027 -0.007232
v -0.008062 0.000017 -0.010860
v -0.008734 0.000017 -0.012112
v -0.004626 0.000017 -0.014238
v 0.000000 0.000017 0.000000
v 0.000000 0.000017 -0.014971
v -0.010831 0.000017 -0.008091
v -0.014238 0.000017 -0.004626
v -0.012254 0.000017 -0.008454
v -0.014971 0.000017 -0.000000
v -0.014971 0.000017 -0.000000
v -0.014238 0.000017 0.004626
v -0.010850 0.000017 0.008072
v -0.012146 0.000017 0.008539
v -0.008072 0.000017 0.010850
v -0.004626 0.000017 0.014238
v -0.008360 0.000017 0.012303
v -0.000000 0.000017 0.014971
v 0.004626 0.000017 -0.014238
v 0.008734 0.000017 -0.012112
v 0.008062 0.000017 -0.010860
v 0.000000 0.000017 0.000000
v 0.000000 0.000017 -0.014971
v 0.010831 0.000017 -0.008091
v 0.014238 0.000017 -0.004626
v 0.012254 0.000017 -0.008454
v 0.014971 0.000017 0.000000
v -0.000000 0.000017 0.014971
v 0.004626 0.000017 0.014238
v 0.008072 0.000017 0.010850
v 0.008360 0.000017 0.012303
v 0.010850 0.000017 0.008072
v 0.014238 0.000017 0.004626
v 0.012146 0.000017 0.008539
v 0.014971 0.000017 0.000000
v 0.003436 0.024280 -0.003436
v 0.000000 0.024280 -0.004860
v 0.000000 0.026278 -0.004589
v 0.003245 0.026278 -0.003245
v 0.004860 0.024280 0.000000
v 0.004589 0.026278 0.000000
v 0.000000 0.024280 -0.004860
v -0.003436 0.024280 -0.003436
v -0.003245 0.026278 -0.003245
v 0.000000 0.026278 -0.004589
v -0.004589 0.026278 0.000000
v -0.004860 0.024280 0.000000
v 0.003455 0.014027 -0.007232
v 0.000000 0.014035 -0.007824
v 0.000000 0.020361 -0.005946
v 0.004205 0.020361 -0.004205
v 0.005702 0.013725 -0.005707
v 0.007232 0.014027 -0.003455
v 0.005946 0.020361 0.000000
v 0.007824 0.014035 0.000000
v 0.006835 0.005222 -0.009926
v 0.009913 0.005222 -0.006849
v 0.010831 0.003655 -0.008091
v 0.008062 0.003655 -0.010860
v -0.014238 0.000017 -0.004626
v -0.012290 0.003673 -0.008435
v -0.012254 0.000017 -0.008454
v -0.014238 0.003655 -0.004626
v -0.014971 0.003655 0.000000
v -0.014971 0.000017 -0.000000
v -0.014238 0.003655 0.004626
v -0.014238 0.000017 0.004626
v -0.012146 0.003655 0.008483
v -0.012146 0.000017 0.008539
v -0.012748 0.005221 -0.004136
v -0.011212 0.005240 -0.007184
v -0.012290 0.003673 -0.008435
v -0.014238 0.003655 -0.004626
v -0.013365 0.005219 0.000000
v -0.014971 0.003655 0.000000
v -0.010073 0.008575 -0.005849
v -0.011200 0.008564 -0.003472
v -0.011728 0.008570 0.000000
v -0.012748 0.005221 0.004136
v -0.013365 0.005219 0.000000
v -0.014971 0.003655 0.000000
v -0.014238 0.003655 0.004626
v -0.011127 0.005222 0.007241
v -0.009993 0.008575 0.005928
v -0.011200 0.008564 0.003472
v -0.012146 0.003655 0.008483
v -0.011728 0.008570 0.000000
v -0.010073 0.008575 -0.005849
v -0.011200 0.008564 -0.003472
v -0.010483 0.008803 -0.003047
v -0.009401 0.008809 -0.005554
v -0.011728 0.008570 0.000000
v -0.010891 0.008802 0.000000
v -0.011200 0.008564 0.003472
v -0.009993 0.008575 0.005928
v -0.009401 0.008809 0.005554
v -0.010483 0.008803 0.003047
v -0.011728 0.008570 0.000000
v -0.010891 0.008802 0.000000
v -0.008038 0.013725 -0.003751
v -0.009401 0.008809 -0.005554
v -0.010483 0.008803 -0.003047
v -0.008814 0.013725 0.000000
v -0.010891 0.008802 0.000000
v -0.008038 0.013725 0.003751
v -0.008814 0.013725 0.000000
v -0.010483 0.008803 0.003047
v -0.010891 0.008802 0.000000
v -0.009401 0.008809 0.005554
v -0.008099 0.003655 0.010823
v -0.010862 0.003655 0.008060
v -0.010850 0.000017 0.008072
v -0.008072 0.000017 0.010850
v -0.008099 0.003655 0.010823
v -0.006875 0.005222 0.009886
v -0.009930 0.005222 0.006832
v -0.010862 0.003655 0.008060
v -0.005702 0.013725 0.005707
v -0.003529 0.014017 0.007182
v -0.004205 0.020361 0.004205
v -0.000000 0.020361 0.005946
v -0.007131 0.014007 0.003604
v -0.005946 0.020361 0.000000
v -0.007824 0.014035 0.000000
v -0.000000 0.014035 0.007824
v -0.009401 0.008809 0.005554
v -0.009930 0.005222 0.006832
v -0.007131 0.014007 0.003604
v -0.008038 0.013725 0.003751
v -0.009993 0.008575 0.005928
v -0.011127 0.005222 0.007241
v -0.012146 0.003655 0.008483
v -0.010862 0.003655 0.008060
v -0.010850 0.000017 0.008072
v -0.010862 0.003655 0.008060
v -0.012146 0.003655 0.008483
v -0.012146 0.000017 0.008539
v -0.010831 0.003655 -0.008091
v -0.010831 0.000017 -0.008091
v -0.012254 0.000017 -0.008454
v -0.012290 0.003673 -0.008435
v -0.009401 0.008809 -0.005554
v -0.008038 0.013725 -0.003751
v -0.007232 0.014027 -0.003455
v -0.009913 0.005222 -0.006849
v -0.010073 0.008575 -0.005849
v -0.011212 0.005240 -0.007184
v -0.012290 0.003673 -0.008435
v -0.010831 0.003655 -0.008091
v -0.008814 0.013725 0.000000
v -0.008038 0.013725 0.003751
v -0.007131 0.014007 0.003604
v -0.007824 0.014035 0.000000
v -0.008038 0.013725 -0.003751
v -0.008814 0.013725 0.000000
v -0.007824 0.014035 0.000000
v -0.007232 0.014027 -0.003455
v -0.004860 0.024280 0.000000
v -0.003436 0.024280 0.003436
v -0.003245 0.026278 0.003245
v -0.004589 0.026278 0.000000
v -0.000000 0.026278 0.004589
v -0.000000 0.024280 0.004860
v -0.004626 0.000017 0.014238
v -0.008426 0.003655 0.012303
v -0.008360 0.000017 0.012303
v -0.004626 0.003655 0.014238
v -0.000000 0.003655 0.014971
v -0.000000 0.000017 0.014971
v 0.004626 0.003655 0.014238
v 0.004626 0.000017 0.014238
v 0.008426 0.003655 0.012303
v 0.008360 0.000017 0.012303
v -0.004136 0.005221 0.012748
v -0.007132 0.005222 0.011199
v -0.008426 0.003655 0.012303
v -0.004626 0.003655 0.014238
v -0.000000 0.005219 0.013365
v -0.000000 0.003655 0.014971
v -0.005789 0.008574 0.010098
v -0.003472 0.008564 0.011200
v -0.000000 0.008570 0.011728
v 0.004136 0.005221 0.012748
v -0.000000 0.005219 0.013365
v -0.000000 0.003655 0.014971
v 0.004626 0.003655 0.014238
v 0.007132 0.005222 0.011199
v 0.005789 0.008574 0.010098
v 0.003472 0.008564 0.011200
v 0.008426 0.003655 0.012303
v -0.000000 0.008570 0.011728
v -0.005789 0.008574 0.010098
v -0.003472 0.008564 0.011200
v -0.003047 0.008803 0.010483
v -0.005554 0.008809 0.009401
v -0.000000 0.008570 0.011728
v -0.000000 0.008802 0.010891
v 0.003472 0.008564 0.011200
v 0.005789 0.008574 0.010098
v 0.005554 0.008809 0.009401
v 0.003047 0.008803 0.010483
v -0.000000 0.008570 0.011728
v -0.000000 0.008802 0.010891
v -0.003751 0.013725 0.008038
v -0.005554 0.008809 0.009401
v -0.003047 0.008803 0.010483
v -0.000000 0.013725 0.008814
v -0.000000 0.008802 0.010891
v 0.003751 0.013725 0.008038
v -0.000000 0.013725 0.008814
v 0.003047 0.008803 0.010483
v -0.000000 0.008802 0.010891
v 0.005554 0.008809 0.009401
v 0.005554 0.008809 0.009401
v 0.006875 0.005222 0.009886
v 0.003530 0.014017 0.007181
v 0.003751 0.013725 0.008038
v 0.005789 0.008574 0.010098
v 0.007132 0.005222 0.011199
v 0.008426 0.003655 0.012303
v 0.008099 0.003655 0.010823
v 0.008072 0.000017 0.010850
v 0.008099 0.003655 0.010823
v 0.008426 0.003655 0.012303
v 0.008360 0.000017 0.012303
v -0.008099 0.003655 0.010823
v -0.008072 0.000017 0.010850
v -0.008360 0.000017 0.012303
v -0.008426 0.003655 0.012303
v -0.003751 0.013725 0.008038
v -0.003529 0.014017 0.007182
v -0.006875 0.005222 0.009886
v -0.005554 0.008809 0.009401
v -0.005789 0.008574 0.010098
v -0.007132 0.005222 0.011199
v -0.008426 0.003655 0.012303
v -0.008099 0.003655 0.010823
v -0.000000 0.013725 0.008814
v 0.003751 0.013725 0.008038
v 0.003530 0.014017 0.007181
v -0.000000 0.014035 0.007824
v -0.003751 0.013725 0.008038
v -0.000000 0.013725 0.008814
v -0.000000 0.014035 0.007824
v -0.003529 0.014017 0.007182
v -0.000000 0.024280 0.004860
v 0.003436 0.024280 0.003436
v 0.003245 0.026278 0.003245
v -0.000000 0.026278 0.004589
v 0.004589 0.026278 0.000000
v 0.004860 0.024280 0.000000
v 0.003530 0.014017 0.007181
v 0.006875 0.005222 0.009886
v 0.005707 0.013725 0.005702
v 0.004205 0.020361 0.004205
v -0.000000 0.020361 0.005946
v -0.000000 0.014035 0.007824
v 0.007132 0.014007 0.003603
v 0.005946 0.020361 0.000000
v 0.007824 0.014035 0.000000
v 0.009930 0.005222 0.006832
v 0.008099 0.003655 0.010823
v 0.010862 0.003655 0.008060
v 0.014238 0.000017 0.004626
v 0.012146 0.003655 0.008483
v 0.012146 0.000017 0.008539
v 0.014238 0.003655 0.004626
v 0.014971 0.003655 0.000000
v 0.014971 0.000017 0.000000
v 0.014238 0.003655 -0.004626
v 0.014238 0.000017 -0.004626
v 0.012290 0.003673 -0.008435
v 0.012254 0.000017 -0.008454
v 0.012748 0.005221 0.004136
v 0.011127 0.005222 0.007241
v 0.012146 0.003655 0.008483
v 0.014238 0.003655 0.004626
v 0.013365 0.005219 0.000000
v 0.014971 0.003655 0.000000
v 0.009993 0.008575 0.005928
v 0.011200 0.008564 0.003472
v 0.011728 0.008570 0.000000
v 0.012748 0.005221 -0.004136
v 0.013365 0.005219 0.000000
v 0.014971 0.003655 0.000000
v 0.014238 0.003655 -0.004626
v 0.011212 0.005240 -0.007184
v 0.010073 0.008575 -0.005849
v 0.011200 0.008564 -0.003472
v 0.012290 0.003673 -0.008435
v 0.011728 0.008570 0.000000
v 0.009993 0.008575 0.005928
v 0.011200 0.008564 0.003472
v 0.010483 0.008803 0.003047
v 0.009401 0.008809 0.005554
v 0.011728 0.008570 0.000000
v 0.010891 0.008802 0.000000
v 0.011200 0.008564 -0.003472
v 0.010073 0.008575 -0.005849
v 0.009401 0.008809 -0.005554
v 0.010483 0.008803 -0.003047
v 0.011728 0.008570 0.000000
v 0.010891 0.008802 0.000000
v 0.008038 0.013725 0.003751
v 0.009401 0.008809 0.005554
v 0.010483 0.008803 0.003047
v 0.008814 0.013725 0.000000
v 0.010891 0.008802 0.000000
v 0.008038 0.013725 -0.003751
v 0.008814 0.013725 0.000000
v 0.010483 0.008803 -0.003047
v 0.010891 0.008802 0.000000
v 0.009401 0.008809 -0.005554
v 0.008062 0.003655 -0.010860
v 0.010831 0.003655 -0.008091
v 0.010831 0.000017 -0.008091
v 0.008062 0.000017 -0.010860
v 0.008038 0.013725 -0.003751
v 0.009401 0.008809 -0.005554
v 0.009913 0.005222 -0.006849
v 0.007232 0.014027 -0.003455
v 0.010073 0.008575 -0.005849
v 0.011212 0.005240 -0.007184
v 0.012290 0.003673 -0.008435
v 0.010831 0.003655 -0.008091
v 0.010831 0.000017 -0.008091
v 0.010831 0.003655 -0.008091
v 0.012290 0.003673 -0.008435
v 0.012254 0.000017 -0.008454
v 0.010862 0.003655 0.008060
v 0.010850 0.000017 0.008072
v 0.012146 0.000017 0.008539
v 0.012146 0.003655 0.008483
v 0.009401 0.008809 0.005554
v 0.008038 0.013725 0.003751
v 0.007132 0.014007 0.003603
v 0.009930 0.005222 0.006832
v 0.009993 0.008575 0.005928
v 0.011127 0.005222 0.007241
v 0.012146 0.003655 0.008483
v 0.010862 0.003655 0.008060
v 0.008814 0.013725 0.000000
v 0.008038 0.013725 -0.003751
v 0.007232 0.014027 -0.003455
v 0.007824 0.014035 0.000000
v 0.008038 0.013725 0.003751
v 0.008814 0.013725 0.000000
v 0.007824 0.014035 0.000000
v 0.007132 0.014007 0.003603
v 0.010862 0.003655 0.008060
v 0.008099 0.003655 0.010823
v 0.008072 0.000017 0.010850
v 0.010850 0.000017 0.008072
v 0.000000 0.026517 -0.005315
v 0.003758 0.026517 -0.003758
v 0.003245 0.026278 -0.003245
v 0.000000 0.026278 -0.004589
v 0.004589 0.026278 0.000000
v 0.005315 0.026517 0.000000
v -0.003758 0.026517 -0.003758
v 0.000000 0.026517 -0.005315
v 0.000000 0.026278 -0.004589
v -0.003245 0.026278 -0.003245
v -0.005315 0.026517 0.000000
v -0.004589 0.026278 0.000000
v -0.003758 0.026517 0.003758
v -0.005315 0.026517 0.000000
v -0.004589 0.026278 0.000000
v -0.003245 0.026278 0.003245
v -0.000000 0.026517 0.005315
v -0.000000 0.026278 0.004589
v 0.003758 0.026517 0.003758
v -0.000000 0.026517 0.005315
v -0.000000 0.026278 0.004589
v 0.003245 0.026278 0.003245
v 0.005315 0.026517 0.000000
v 0.004589 0.026278 0.000000
v 0.000000 0.029620 -0.005315
v 0.003758 0.029620 -0.003758
v 0.003758 0.026517 -0.003758
v 0.000000 0.026517 -0.005315
v -0.003758 0.029620 -0.003758
v -0.003758 0.026517 -0.003758
v -0.005315 0.029620 0.000000
v -0.005315 0.026517 0.000000
v -0.003758 0.029620 0.003758
v -0.003758 0.026517 0.003758
v -0.000000 0.029620 0.005315
v -0.000000 0.026517 0.005315
v 0.003758 0.029620 0.003758
v 0.003758 0.026517 0.003758
v 0.005315 0.029620 0.000000
v 0.005315 0.026517 0.000000
v 0.000000 0.029810 -0.004319
v 0.003054 0.029810 -0.003054
v 0.003758 0.029620 -0.003758
v 0.000000 0.029620 -0.005315
v 0.005315 0.029620 0.000000
v 0.004319 0.029810 0.000000
v -0.003054 0.029810 -0.003054
v 0.000000 0.029810 -0.004319
v 0.000000 0.029620 -0.005315
v -0.003758 0.029620 -0.003758
v -0.004319 0.029810 0.000000
v -0.005315 0.029620 0.000000
v -0.003054 0.029810 0.003054
v -0.004319 0.029810 0.000000
v -0.005315 0.029620 0.000000
v -0.003758 0.029620 0.003758
v -0.000000 0.029810 0.004319
v -0.000000 0.029620 0.005315
v 0.003054 0.029810 0.003054
v -0.000000 0.029810 0.004319
v -0.000000 0.029620 0.005315
v 0.003758 0.029620 0.003758
v 0.004319 0.029810 0.000000
v 0.005315 0.029620 0.000000
v -0.008521 0.086497 0.002617
v -0.008725 0.090198 0.000000
v -0.010701 0.089524 0.001662
v -0.006122 0.087987 0.000000
v -0.004282 0.085534 0.000000
v -0.007476 0.083355 0.003393
v -0.005758 0.082808 0.002411
v -0.003104 0.083095 0.000000
v -0.004145 0.082184 0.001286
v -0.002678 0.081255 0.000000
v -0.010592 0.091138 0.000387
v -0.011847 0.091342 0.000792
v -0.012658 0.091152 0.001180
v -0.008521 0.086497 0.002617
v -0.010701 0.089524 0.001662
v -0.010553 0.087270 0.002351
v -0.010497 0.085140 0.002843
v -0.007476 0.083355 0.003393
v -0.010497 0.085140 0.002843
v -0.011279 0.083208 0.002996
v -0.009510 0.080939 0.003429
v -0.012495 0.081636 0.003006
v -0.009510 0.080939 0.003429
v -0.014642 0.078057 0.003164
v -0.012045 0.076751 0.003892
v -0.016272 0.073770 0.003593
v -0.013989 0.072044 0.004591
v -0.017251 0.069593 0.003797
v -0.014353 0.067359 0.005006
v -0.017109 0.065582 0.003932
v -0.013650 0.062674 0.005082
v -0.015936 0.061839 0.003893
v -0.014137 0.058460 0.003612
v -0.011612 0.058448 0.004766
v -0.010271 0.054594 0.003018
v -0.008436 0.055093 0.004145
v -0.005400 0.052112 0.002412
v -0.004435 0.052940 0.003451
v 0.000000 0.051256 0.002203
v 0.000000 0.052198 0.003211
v -0.008843 0.080604 0.001649
v -0.005758 0.082808 0.002411
v -0.007476 0.083355 0.003393
v -0.005606 0.080836 0.000000
v -0.004145 0.082184 0.001286
v -0.002678 0.081255 0.000000
v -0.007749 0.079763 0.000000
v -0.009862 0.078135 0.001614
v -0.012045 0.076751 0.003892
v -0.009510 0.080939 0.003429
v -0.011977 0.075999 0.003136
v -0.013989 0.072044 0.004591
v 0.000000 0.057993 0.000000
v -0.007706 0.061113 0.000000
v -0.004435 0.052940 0.003451
v -0.008436 0.055093 0.004145
v -0.011612 0.058448 0.004766
v -0.013650 0.062674 0.005082
v -0.011656 0.066416 0.000000
v -0.014353 0.067359 0.005006
v -0.012256 0.070183 0.000000
v -0.013989 0.072044 0.004591
v -0.011746 0.073735 0.000000
v -0.011977 0.075999 0.003136
v -0.010680 0.076151 0.000000
v -0.009559 0.077794 0.000000
v -0.009862 0.078135 0.001614
v -0.007749 0.079763 0.000000
v -0.012651 0.090649 0.001202
v -0.010701 0.089524 0.001662
v -0.012658 0.091152 0.001180
v -0.011317 0.089176 0.001688
v -0.010553 0.087270 0.002351
v 0.008521 0.086497 -0.002617
v 0.008725 0.090198 0.000000
v 0.010701 0.089524 -0.001662
v 0.006122 0.087987 0.000000
v 0.004282 0.085534 0.000000
v 0.007476 0.083355 -0.003393
v 0.005758 0.082808 -0.002411
v 0.003104 0.083095 0.000000
v 0.004145 0.082184 -0.001286
v 0.002678 0.081255 0.000000
v 0.010592 0.091138 -0.000387
v 0.011847 0.091342 -0.000792
v 0.012658 0.091152 -0.001180
v 0.008521 0.086497 -0.002617
v 0.010701 0.089524 -0.001662
v 0.010553 0.087270 -0.002351
v 0.010497 0.085140 -0.002843
v 0.007476 0.083355 -0.003393
v 0.010497 0.085140 -0.002843
v 0.011279 0.083208 -0.002996
v 0.009510 0.080939 -0.003428
v 0.012495 0.081636 -0.003006
v 0.014642 0.078057 -0.003164
v 0.012045 0.076751 -0.003892
v 0.016272 0.073770 -0.003593
v 0.013989 0.072044 -0.004591
v 0.017251 0.069593 -0.003797
v 0.014353 0.067359 -0.005006
v 0.017109 0.065582 -0.003932
v 0.013650 0.062674 -0.005082
v 0.015936 0.061839 -0.003893
v 0.014137 0.058460 -0.003612
v 0.011612 0.058448 -0.004766
v 0.010271 0.054594 -0.003018
v 0.008436 0.055093 -0.004145
v 0.005400 0.052112 -0.002412
v 0.004435 0.052940 -0.003451
v 0.000000 0.051256 -0.002203
v 0.000000 0.052198 -0.003211
v 0.008843 0.080604 -0.001649
v 0.005758 0.082808 -0.002411
v 0.007476 0.083355 -0.003393
v 0.005606 0.080836 0.000000
v 0.004145 0.082184 -0.001286
v 0.002678 0.081255 0.000000
v 0.007749 0.079763 0.000000
v 0.009862 0.078135 -0.001614
v 0.012045 0.076751 -0.003892
v 0.009510 0.080939 -0.003428
v 0.011977 0.075999 -0.003136
v 0.013989 0.072044 -0.004591
v 0.000000 0.057993 0.000000
v 0.004435 0.052940 -0.003451
v 0.000000 0.052198 -0.003211
v 0.007706 0.061113 0.000000
v 0.008436 0.055093 -0.004145
v 0.004435 0.052940 -0.003451
v 0.011612 0.058448 -0.004766
v 0.013650 0.062674 -0.005082
v 0.011656 0.066416 0.000000
v 0.014353 0.067359 -0.005006
v 0.012256 0.070183 0.000000
v 0.013989 0.072044 -0.004591
v 0.011746 0.073735 0.000000
v 0.011977 0.075999 -0.003136
v 0.010680 0.076151 0.000000
v 0.009559 0.077794 0.000000
v 0.009862 0.078135 -0.001614
v 0.007749 0.079763 0.000000
v 0.000000 0.057993 0.000000
v 0.012651 0.090649 -0.001201
v 0.010701 0.089524 -0.001662
v 0.012658 0.091152 -0.001180
v 0.011317 0.089176 -0.001688
v 0.010553 0.087270 -0.002351
v -0.008725 0.090198 0.000000
v -0.008521 0.086497 -0.002617
v -0.010701 0.089524 -0.001662
v -0.006122 0.087987 0.000000
v -0.004282 0.085534 0.000000
v -0.007476 0.083355 -0.003393
v -0.005758 0.082808 -0.002411
v -0.003104 0.083095 0.000000
v -0.004145 0.082184 -0.001286
v -0.002678 0.081255 0.000000
v -0.010592 0.091138 -0.000387
v -0.011847 0.091342 -0.000792
v -0.012658 0.091152 -0.001180
v -0.011317 0.089176 -0.001688
v -0.010701 0.089524 -0.001662
v -0.010553 0.087270 -0.002351
v -0.012651 0.090649 -0.001201
v -0.012658 0.091152 -0.001180
v -0.010497 0.085140 -0.002843
v -0.008521 0.086497 -0.002617
v -0.007476 0.083355 -0.003393
v -0.011279 0.083208 -0.002996
v -0.009510 0.080939 -0.003428
v -0.012495 0.081636 -0.003006
v -0.014642 0.078057 -0.003164
v -0.012045 0.076751 -0.003892
v -0.016272 0.073770 -0.003593
v -0.013989 0.072044 -0.004591
v -0.017251 0.069593 -0.003797
v -0.014353 0.067359 -0.005006
v -0.017109 0.065582 -0.003932
v -0.013650 0.062674 -0.005082
v -0.015936 0.061839 -0.003893
v -0.014137 0.058460 -0.003612
v -0.011612 0.058448 -0.004766
v -0.010271 0.054594 -0.003018
v -0.008436 0.055093 -0.004145
v -0.005400 0.052112 -0.002412
v -0.004435 0.052940 -0.003451
v 0.000000 0.051256 -0.002203
v 0.000000 0.052198 -0.003211
v -0.007476 0.083355 -0.003393
v -0.008843 0.080604 -0.001649
v -0.009510 0.080939 -0.003428
v -0.012045 0.076751 -0.003892
v -0.009862 0.078135 -0.001614
v -0.007749 0.079763 0.000000
v -0.011977 0.075999 -0.003136
v -0.013989 0.072044 -0.004591
v -0.005606 0.080836 0.000000
v -0.005758 0.082808 -0.002411
v -0.004145 0.082184 -0.001286
v -0.002678 0.081255 0.000000
v -0.004435 0.052940 -0.003451
v -0.007706 0.061113 0.000000
v 0.000000 0.057993 0.000000
v -0.008436 0.055093 -0.004145
v -0.011612 0.058448 -0.004766
v -0.013650 0.062674 -0.005082
v -0.011656 0.066416 0.000000
v -0.014353 0.067359 -0.005006
v -0.012256 0.070183 0.000000
v -0.013989 0.072044 -0.004591
v -0.011746 0.073735 0.000000
v -0.011977 0.075999 -0.003136
v -0.010680 0.076151 0.000000
v -0.009559 0.077794 0.000000
v -0.009862 0.078135 -0.001614
v -0.007749 0.079763 0.000000
v 0.008725 0.090198 0.000000
v 0.008521 0.086497 0.002617
v 0.010701 0.089524 0.001662
v 0.006122 0.087987 0.000000
v 0.004282 0.085534 0.000000
v 0.007476 0.083355 0.003393
v 0.005758 0.082808 0.002411
v 0.003104 0.083095 0.000000
v 0.004145 0.082184 0.001286
v 0.002678 0.081255 0.000000
v 0.010592 0.091138 0.000387
v 0.011847 0.091342 0.000792
v 0.012658 0.091152 0.001180
v 0.011317 0.089176 0.001688
v 0.010701 0.089524 0.001662
v 0.010553 0.087270 0.002351
v 0.012651 0.090649 0.001202
v 0.012658 0.091152 0.001180
v 0.010497 0.085140 0.002843
v 0.008521 0.086497 0.002617
v 0.007476 0.083355 0.003393
v 0.011279 0.083208 0.002996
v 0.009510 0.080939 0.003429
v 0.009510 0.080939 0.003429
v 0.012495 0.081636 0.003006
v 0.014642 0.078057 0.003164
v 0.012045 0.076751 0.003892
v 0.016272 0.073770 0.003593
v 0.013989 0.072044 0.004591
v 0.017251 0.069593 0.003797
v 0.014353 0.067359 0.005006
v 0.017109 0.065582 0.003932
v 0.013650 0.062674 0.005082
v 0.015936 0.061839 0.003893
v 0.014137 0.058460 0.003612
v 0.011612 0.058448 0.004766
v 0.010271 0.054594 0.003018
v 0.008436 0.055093 0.004145
v 0.005400 0.052112 0.002412
v 0.004435 0.052940 0.003451
v 0.000000 0.051256 0.002203
v 0.000000 0.052198 0.003211
v 0.008843 0.080604 0.001649
v 0.009510 0.080939 0.003429
v 0.007476 0.083355 0.003393
v 0.012045 0.076751 0.003892
v 0.009862 0.078135 0.001614
v 0.007749 0.079763 0.000000
v 0.011977 0.075999 0.003136
v 0.013989 0.072044 0.004591
v 0.005606 0.080836 0.000000
v 0.005758 0.082808 0.002411
v 0.004145 0.082184 0.001286
v 0.002678 0.081255 0.000000
v 0.004435 0.052940 0.003451
v 0.007706 0.061113 0.000000
v 0.000000 0.057993 0.000000
v 0.008436 0.055093 0.004145
v 0.011612 0.058448 0.004766
v 0.013650 0.062674 0.005082
v 0.011656 0.066416 0.000000
v 0.014353 0.067359 0.005006
v 0.012256 0.070183 0.000000
v 0.013989 0.072044 0.004591
v 0.011746 0.073735 0.000000
v 0.011977 0.075999 0.003136
v 0.010680 0.076151 0.000000
v 0.009559 0.077794 0.000000
v 0.009862 0.078135 0.001614
v 0.007749 0.079763 0.000000
v -0.008421 0.050395 -0.002385
v -0.010723 0.052628 -0.002227
v -0.010393 0.054505 -0.002561
v -0.006734 0.052554 -0.002430
v -0.011408 0.051035 -0.001884
v -0.009817 0.049234 -0.002181
v -0.011744 0.048442 -0.001586
v -0.013082 0.050035 -0.001294
v -0.014144 0.049576 -0.000763
v -0.013444 0.048297 -0.000868
v -0.010393 0.054505 -0.002561
v -0.012406 0.054622 -0.001560
v -0.014772 0.057944 -0.000849
v -0.012029 0.052819 -0.001706
v -0.010723 0.052628 -0.002227
v -0.012190 0.051458 -0.001569
v -0.011408 0.051035 -0.001884
v -0.013082 0.050035 -0.001294
v -0.008421 0.050395 0.002385
v -0.006734 0.052554 0.002430
v -0.010393 0.054505 0.002580
v -0.010723 0.052628 0.002227
v -0.011408 0.051035 0.001884
v -0.009817 0.049234 0.002181
v -0.011744 0.048442 0.001586
v -0.013082 0.050035 0.001294
v -0.013444 0.048297 0.000868
v -0.014144 0.049576 0.000763
v -0.012406 0.054622 0.001560
v -0.010393 0.054505 0.002580
v -0.014772 0.057944 0.000849
v -0.012028 0.052819 0.001706
v -0.010723 0.052628 0.002227
v -0.012206 0.051466 0.001593
v -0.011408 0.051035 0.001884
v -0.013082 0.050035 0.001294
v -0.008421 0.050395 0.002385
v -0.008421 0.050395 -0.002385
v -0.006734 0.052554 -0.002430
v -0.006734 0.052554 0.002430
v -0.009817 0.049234 0.002181
v -0.009817 0.049234 -0.002181
v -0.011744 0.048442 -0.001586
v -0.011744 0.048442 0.001586
v -0.013444 0.048297 0.000868
v -0.013444 0.048297 -0.000868
v -0.014772 0.057944 0.000849
v -0.015266 0.058460 0.000000
v -0.012406 0.054622 0.001560
v -0.012406 0.054622 -0.001560
v -0.012029 0.052819 -0.001706
v -0.012028 0.052819 0.001706
v -0.012190 0.051458 -0.001569
v -0.012206 0.051466 0.001593
v -0.013082 0.050035 -0.001294
v -0.013082 0.050035 0.001294
v -0.014144 0.049576 -0.000763
v -0.014144 0.049576 0.000763
v -0.014772 0.057944 -0.000849
v -0.014144 0.049576 0.000763
v -0.014144 0.049576 -0.000763
v -0.013444 0.048297 -0.000868
v -0.013444 0.048297 0.000868
v -0.010592 0.091138 -0.000387
v -0.011847 0.091342 -0.000792
v -0.011847 0.091342 0.000792
v -0.010592 0.091138 0.000387
v -0.008725 0.090198 0.000000
v -0.012658 0.091152 0.001180
v -0.012658 0.091152 -0.001180
v -0.012658 0.091152 -0.001180
v -0.012651 0.090649 -0.001201
v -0.012651 0.090649 0.001202
v -0.012658 0.091152 0.001180
v -0.014642 0.078057 -0.003164
v -0.016272 0.073770 -0.003593
v -0.017578 0.074048 0.000000
v -0.015453 0.078316 0.000000
v -0.018586 0.069694 0.000000
v -0.017251 0.069593 -0.003797
v -0.018413 0.065438 0.000000
v -0.017109 0.065582 -0.003932
v -0.014642 0.078057 0.003164
v -0.016272 0.073770 0.003593
v -0.017251 0.069593 0.003797
v -0.017109 0.065582 0.003932
v -0.012495 0.081636 0.003006
v -0.012495 0.081636 -0.003006
v -0.011279 0.083208 -0.002996
v -0.011279 0.083208 0.002996
v -0.010497 0.085140 0.002843
v -0.010497 0.085140 -0.002843
v -0.017206 0.061653 0.000000
v -0.015936 0.061839 -0.003893
v -0.015266 0.058460 0.000000
v -0.014137 0.058460 -0.003612
v -0.015936 0.061839 0.003893
v -0.014137 0.058460 0.003612
v -0.014772 0.057944 -0.000849
v -0.010271 0.054594 -0.003018
v -0.010393 0.054505 -0.002561
v -0.005400 0.052112 -0.002412
v -0.006734 0.052554 -0.002430
v -0.006734 0.052554 0.002430
v -0.005400 0.052112 0.002412
v 0.000000 0.051256 -0.002203
v 0.000000 0.051256 0.002203
v -0.014772 0.057944 0.000849
v -0.010271 0.054594 0.003018
v -0.010393 0.054505 0.002580
v -0.010553 0.087270 0.002351
v -0.011317 0.089176 0.001688
v -0.011317 0.089176 -0.001688
v -0.010553 0.087270 -0.002351
v -0.012651 0.090649 0.001202
v -0.012651 0.090649 -0.001201
v 0.008421 0.050395 -0.002385
v 0.006734 0.052554 -0.002430
v 0.010393 0.054505 -0.002561
v 0.010723 0.052628 -0.002227
v 0.011408 0.051035 -0.001884
v 0.009817 0.049234 -0.002181
v 0.011744 0.048442 -0.001586
v 0.013082 0.050035 -0.001294
v 0.014144 0.049576 -0.000763
v 0.013444 0.048297 -0.000868
v 0.012406 0.054622 -0.001560
v 0.010393 0.054505 -0.002561
v 0.014772 0.057944 -0.000849
v 0.012029 0.052819 -0.001706
v 0.010723 0.052628 -0.002227
v 0.012190 0.051458 -0.001569
v 0.011408 0.051035 -0.001884
v 0.013082 0.050035 -0.001294
v 0.008421 0.050395 0.002385
v 0.010723 0.052628 0.002227
v 0.010393 0.054505 0.002580
v 0.006734 0.052554 0.002430
v 0.011408 0.051035 0.001884
v 0.009817 0.049234 0.002181
v 0.011744 0.048442 0.001586
v 0.013082 0.050035 0.001294
v 0.013444 0.048297 0.000868
v 0.014144 0.049576 0.000763
v 0.010393 0.054505 0.002580
v 0.012406 0.054622 0.001560
v 0.014772 0.057944 0.000849
v 0.012028 0.052819 0.001706
v 0.010723 0.052628 0.002227
v 0.012206 0.051466 0.001593
v 0.011408 0.051035 0.001884
v 0.013082 0.050035 0.001294
v 0.008421 0.050395 0.002385
v 0.006734 0.052554 0.002430
v 0.006734 0.052554 -0.002430
v 0.008421 0.050395 -0.002385
v 0.009817 0.049234 0.002181
v 0.009817 0.049234 -0.002181
v 0.011744 0.048442 -0.001586
v 0.011744 0.048442 0.001586
v 0.013444 0.048297 0.000868
v 0.013444 0.048297 -0.000868
v 0.015266 0.058460 0.000000
v 0.014772 0.057944 0.000849
v 0.012406 0.054622 0.001560
v 0.012406 0.054622 -0.001560
v 0.012029 0.052819 -0.001706
v 0.012028 0.052819 0.001706
v 0.012190 0.051458 -0.001569
v 0.012206 0.051466 0.001593
v 0.013082 0.050035 -0.001294
v 0.013082 0.050035 0.001294
v 0.014144 0.049576 -0.000763
v 0.014144 0.049576 0.000763
v 0.014772 0.057944 -0.000849
v 0.014144 0.049576 0.000763
v 0.013444 0.048297 0.000868
v 0.013444 0.048297 -0.000868
v 0.014144 0.049576 -0.000763
v 0.010592 0.091138 -0.000387
v 0.010592 0.091138 0.000387
v 0.011847 0.091342 0.000792
v 0.011847 0.091342 -0.000792
v 0.008725 0.090198 0.000000
v 0.012658 0.091152 0.001180
v 0.012658 0.091152 -0.001180
v 0.012658 0.091152 -0.001180
v 0.012658 0.091152 0.001180
v 0.012651 0.090649 0.001202
v 0.012651 0.090649 -0.001201
v 0.014642 0.078057 -0.003164
v 0.015453 0.078316 0.000000
v 0.017578 0.074048 0.000000
v 0.016272 0.073770 -0.003593
v 0.018586 0.069694 0.000000
v 0.017251 0.069593 -0.003797
v 0.018413 0.065438 0.000000
v 0.017109 0.065582 -0.003932
v 0.014642 0.078057 0.003164
v 0.016272 0.073770 0.003593
v 0.017251 0.069593 0.003797
v 0.017109 0.065582 0.003932
v 0.012495 0.081636 0.003006
v 0.012495 0.081636 -0.003006
v 0.017206 0.061653 0.000000
v 0.015936 0.061839 -0.003893
v 0.015266 0.058460 0.000000
v 0.014137 0.058460 -0.003612
v 0.015936 0.061839 0.003893
v 0.014137 0.058460 0.003612
v 0.014772 0.057944 -0.000849
v 0.010271 0.054594 -0.003018
v 0.010393 0.054505 -0.002561
v 0.005400 0.052112 -0.002412
v 0.006734 0.052554 -0.002430
v 0.006734 0.052554 0.002430
v 0.005400 0.052112 0.002412
v 0.000000 0.051256 -0.002203
v 0.000000 0.051256 0.002203
v 0.014772 0.057944 0.000849
v 0.010271 0.054594 0.003018
v 0.010393 0.054505 0.002580
v 0.010497 0.085140 -0.002843
v 0.010497 0.085140 0.002843
v 0.011279 0.083208 0.002996
v 0.011279 0.083208 -0.002996
v 0.010553 0.087270 0.002351
v 0.010553 0.087270 -0.002351
v 0.011317 0.089176 -0.001688
v 0.011317 0.089176 0.001688
v 0.012651 0.090649 0.001202
v 0.012651 0.090649 -0.001201
v 0.000000 0.057993 0.000000
v -0.004435 0.052940 0.003451
v 0.000000 0.052198 0.003211
v -0.004435 0.052940 -0.003451
v 0.000000 0.057993 0.000000
v 0.000000 0.052198 -0.003211
v 0.004435 0.052940 0.003451
v 0.000000 0.057993 0.000000
v 0.000000 0.052198 0.003211
v 0.008249 0.099799 -0.001248
v 0.004552 0.099172 0.000000
v 0.007307 0.100808 -0.001069
v 0.008516 0.099209 -0.001326
v 0.005389 0.097552 0.000000
v 0.005844 0.101280 -0.000731
v 0.004264 0.101123 -0.000316
v 0.003282 0.100349 0.000000
v 0.007585 0.096977 -0.001628
v 0.005398 0.095591 0.000000
v 0.006449 0.094753 -0.001843
v 0.004349 0.093152 0.000000
v 0.004018 0.090771 -0.001972
v 0.014755 0.100497 -0.000695
v 0.016017 0.099374 -0.000542
v 0.015631 0.098447 -0.000794
v 0.014126 0.098400 -0.000968
v 0.015990 0.098727 -0.000426
v 0.013170 0.101079 -0.000846
v 0.012220 0.097927 -0.001165
v 0.011434 0.101026 -0.000974
v 0.009701 0.100416 -0.001113
v 0.010407 0.096586 -0.001374
v 0.008516 0.099209 -0.001326
v 0.007585 0.096977 -0.001628
v 0.008887 0.094246 -0.001382
v 0.006449 0.094753 -0.001843
v 0.008060 0.091532 -0.000921
v 0.004018 0.090771 -0.001972
v 0.008165 0.089596 0.000000
v 0.006331 0.088991 0.000000
v 0.004755 0.088212 0.000000
v 0.001997 0.087787 -0.002009
v 0.002109 0.085876 0.000000
v 0.000000 0.085482 -0.002009
v 0.000266 0.083399 0.000000
v 0.000000 0.083244 0.000000
v 0.004552 0.099172 0.000000
v 0.008249 0.099799 0.001248
v 0.007307 0.100808 0.001069
v 0.008516 0.099209 0.001326
v 0.005389 0.097552 0.000000
v 0.005844 0.101280 0.000731
v 0.004264 0.101123 0.000316
v 0.003282 0.100349 0.000000
v 0.007585 0.096977 0.001628
v 0.005398 0.095591 0.000000
v 0.006449 0.094753 0.001843
v 0.004349 0.093152 0.000000
v 0.004018 0.090771 0.001972
v 0.003361 0.091958 0.000000
v 0.001997 0.087787 0.002009
v 0.001505 0.090360 0.000000
v 0.000000 0.088663 0.000000
v 0.000000 0.085482 0.002009
v 0.014755 0.100497 0.000695
v 0.014126 0.098400 0.000968
v 0.015631 0.098447 0.000794
v 0.016017 0.099374 0.000542
v 0.015990 0.098727 0.000426
v 0.013170 0.101079 0.000846
v 0.012220 0.097927 0.001165
v 0.011434 0.101026 0.000974
v 0.009701 0.100416 0.001113
v 0.010407 0.096586 0.001374
v 0.008516 0.099209 0.001326
v 0.007585 0.096977 0.001628
v 0.008887 0.094246 0.001382
v 0.006449 0.094753 0.001843
v 0.008060 0.091532 0.000921
v 0.004018 0.090771 0.001972
v 0.008165 0.089596 0.000000
v 0.006331 0.088991 0.000000
v 0.004755 0.088212 0.000000
v 0.001997 0.087787 0.002009
v 0.002109 0.085876 0.000000
v 0.000000 0.085482 0.002009
v 0.000266 0.083399 0.000000
v 0.000000 0.083244 0.000000
v 0.008887 0.094246 0.001382
v 0.008060 0.091532 0.000921
v 0.008060 0.091532 -0.000921
v 0.008887 0.094246 -0.001382
v 0.010407 0.096586 0.001374
v 0.010407 0.096586 -0.001374
v 0.012220 0.097927 0.001165
v 0.012220 0.097927 -0.001165
v 0.014126 0.098400 0.000968
v 0.014126 0.098400 -0.000968
v 0.015631 0.098447 0.000794
v 0.015631 0.098447 -0.000794
v 0.015990 0.098727 0.000426
v 0.015990 0.098727 -0.000426
v 0.008165 0.089596 0.000000
v 0.016017 0.099374 0.000542
v 0.015990 0.098727 0.000426
v 0.015990 0.098727 -0.000426
v 0.016017 0.099374 -0.000542
v 0.014755 0.100497 0.000695
v 0.014755 0.100497 -0.000695
v 0.013170 0.101079 0.000846
v 0.013170 0.101079 -0.000846
v 0.011434 0.101026 0.000974
v 0.011434 0.101026 -0.000974
v 0.009701 0.100416 0.001113
v 0.009701 0.100416 -0.001113
v 0.008516 0.099209 0.001326
v 0.008516 0.099209 -0.001326
v 0.008249 0.099799 0.001248
v 0.008516 0.099209 0.001326
v 0.008516 0.099209 -0.001326
v 0.008249 0.099799 -0.001248
v 0.007307 0.100808 0.001069
v 0.007307 0.100808 -0.001069
v 0.005844 0.101280 0.000731
v 0.005844 0.101280 -0.000731
v 0.004264 0.101123 0.000316
v 0.004264 0.101123 -0.000316
v 0.003282 0.100349 0.000000
v 0.001505 0.090360 0.000000
v 0.003361 0.091958 0.000000
v 0.004018 0.090771 -0.001972
v 0.001997 0.087787 -0.002009
v 0.000000 0.088663 0.000000
v 0.000000 0.085482 -0.002009
v 0.004349 0.093152 0.000000
v -0.004552 0.099172 0.000000
v -0.008249 0.099799 -0.001248
v -0.007307 0.100808 -0.001069
v -0.008516 0.099209 -0.001326
v -0.005389 0.097552 0.000000
v -0.005844 0.101280 -0.000731
v -0.004264 0.101123 -0.000316
v -0.003282 0.100349 0.000000
v -0.007585 0.096977 -0.001628
v -0.005398 0.095591 0.000000
v -0.006449 0.094753 -0.001843
v -0.004349 0.093152 0.000000
v -0.004018 0.090771 -0.001972
v -0.014755 0.100497 -0.000695
v -0.014126 0.098400 -0.000968
v -0.015631 0.098447 -0.000794
v -0.016017 0.099374 -0.000542
v -0.015990 0.098727 -0.000426
v -0.013170 0.101079 -0.000846
v -0.012220 0.097927 -0.001165
v -0.011434 0.101026 -0.000974
v -0.009701 0.100416 -0.001113
v -0.010407 0.096586 -0.001374
v -0.008516 0.099209 -0.001326
v -0.007585 0.096977 -0.001628
v -0.008887 0.094246 -0.001382
v -0.006449 0.094753 -0.001843
v -0.008060 0.091532 -0.000921
v -0.004018 0.090771 -0.001972
v -0.008165 0.089596 0.000000
v -0.006331 0.088991 0.000000
v -0.004755 0.088212 0.000000
v -0.001997 0.087787 -0.002009
v -0.002109 0.085876 0.000000
v 0.000000 0.085482 -0.002009
v -0.000266 0.083399 0.000000
v 0.000000 0.083244 0.000000
v -0.008249 0.099799 0.001248
v -0.004552 0.099172 0.000000
v -0.007307 0.100808 0.001069
v -0.008516 0.099209 0.001326
v -0.005389 0.097552 0.000000
v -0.005844 0.101280 0.000731
v -0.004264 0.101123 0.000316
v -0.003282 0.100349 0.000000
v -0.007585 0.096977 0.001628
v -0.005398 0.095591 0.000000
v -0.006449 0.094753 0.001843
v -0.004349 0.093152 0.000000
v -0.004018 0.090771 0.001972
v -0.003361 0.091958 0.000000
v -0.001997 0.087787 0.002009
v -0.001505 0.090360 0.000000
v 0.000000 0.088663 0.000000
v 0.000000 0.085482 0.002009
v -0.014755 0.100497 0.000695
v -0.016017 0.099374 0.000542
v -0.015631 0.098447 0.000794
v -0.014126 0.098400 0.000968
v -0.015990 0.098727 0.000426
v -0.013170 0.101079 0.000846
v -0.012220 0.097927 0.001165
v -0.011434 0.101026 0.000974
v -0.009701 0.100416 0.001113
v -0.010407 0.096586 0.001374
v -0.008516 0.099209 0.001326
v -0.007585 0.096977 0.001628
v -0.008887 0.094246 0.001382
v -0.006449 0.094753 0.001843
v -0.008060 0.091532 0.000921
v -0.004018 0.090771 0.001972
v -0.008165 0.089596 0.000000
v -0.006331 0.088991 0.000000
v -0.004755 0.088212 0.000000
v -0.001997 0.087787 0.002009
v -0.002109 0.085876 0.000000
v 0.000000 0.085482 0.002009
v -0.000266 0.083399 0.000000
v 0.000000 0.083244 0.000000
v -0.008887 0.094246 0.001382
v -0.008887 0.094246 -0.001382
v -0.008060 0.091532 -0.000921
v -0.008060 0.091532 0.000921
v -0.010407 0.096586 0.001374
v -0.010407 0.096586 -0.001374
v -0.012220 0.097927 0.001165
v -0.012220 0.097927 -0.001165
v -0.014126 0.098400 0.000968
v -0.014126 0.098400 -0.000968
v -0.015631 0.098447 0.000794
v -0.015631 0.098447 -0.000794
v -0.015990 0.098727 0.000426
v -0.015990 0.098727 -0.000426
v -0.008165 0.089596 0.000000
v -0.016017 0.099374 0.000542
v -0.016017 0.099374 -0.000542
v -0.015990 0.098727 -0.000426
v -0.015990 0.098727 0.000426
v -0.014755 0.100497 0.000695
v -0.014755 0.100497 -0.000695
v -0.013170 0.101079 0.000846
v -0.013170 0.101079 -0.000846
v -0.011434 0.101026 0.000974
v -0.011434 0.101026 -0.000974
v -0.009701 0.100416 0.001113
v -0.009701 0.100416 -0.001113
v -0.008516 0.099209 0.001326
v -0.008516 0.099209 -0.001326
v -0.008249 0.099799 0.001248
v -0.008249 0.099799 -0.001248
v -0.008516 0.099209 -0.001326
v -0.008516 0.099209 0.001326
v -0.007307 0.100808 0.001069
v -0.007307 0.100808 -0.001069
v -0.005844 0.101280 0.000731
v -0.005844 0.101280 -0.000731
v -0.004264 0.101123 0.000316
v -0.004264 0.101123 -0.000316
v -0.003282 0.100349 0.000000
v -0.001505 0.090360 0.000000
v -0.001997 0.087787 -0.002009
v -0.004018 0.090771 -0.001972
v -0.003361 0.091958 0.000000
v 0.000000 0.088663 0.000000
v 0.000000 0.085482 -0.002009
v -0.004349 0.093152 0.000000
v 0.000000 0.079818 -0.002324
v -0.003148 0.079421 -0.002324
v -0.003148 0.079421 0.002324
v 0.000000 0.079818 0.002324
v -0.006086 0.078240 0.002324
v -0.006086 0.078240 -0.002324
v -0.008102 0.076738 0.002324
v -0.008102 0.076738 -0.002324
v 0.000000 0.077950 -0.002814
v -0.003099 0.077491 -0.002816
v -0.003148 0.079421 -0.002324
v 0.000000 0.079818 -0.002324
v -0.006086 0.078240 -0.002324
v -0.006016 0.076285 -0.002818
v -0.008102 0.074917 -0.002814
v -0.008102 0.076738 -0.002324
v -0.003099 0.077491 0.002816
v 0.000000 0.077950 0.002814
v 0.000000 0.079818 0.002324
v -0.003148 0.079421 0.002324
v -0.006086 0.078240 0.002324
v -0.006016 0.076285 0.002818
v -0.008102 0.074917 0.002814
v -0.008102 0.076738 0.002324
v -0.008102 0.076738 -0.002324
v -0.008102 0.074917 -0.002814
v -0.008102 0.074917 0.002814
v -0.008102 0.076738 0.002324
v -0.003099 0.077491 -0.002816
v 0.000000 0.077950 -0.002814
v 0.000000 0.077823 -0.010073
v -0.004828 0.076863 -0.010071
v -0.006016 0.076285 -0.002818
v -0.008102 0.074917 -0.002814
v -0.008921 0.074128 -0.010073
v -0.008921 0.074128 0.010073
v -0.008102 0.074917 0.002814
v -0.011371 0.070539 -0.010073
v -0.011371 0.070539 0.010073
v -0.012436 0.066544 -0.010073
v -0.012436 0.066544 0.010073
v -0.012164 0.062363 -0.010073
v -0.012164 0.062363 0.010073
v -0.010548 0.058422 -0.010073
v -0.010548 0.058422 0.010073
v -0.007730 0.055290 -0.010073
v -0.007730 0.055290 0.010073
v -0.004092 0.053291 -0.010073
v -0.004092 0.053291 0.010073
v 0.000000 0.052591 -0.010073
v 0.000000 0.052591 0.010073
v -0.004828 0.076863 0.010071
v -0.006016 0.076285 0.002818
v -0.003099 0.077491 0.002816
v 0.000000 0.077823 0.010073
v 0.000000 0.077950 0.002814
v -0.004300 0.075589 -0.012121
v -0.004828 0.076863 -0.010071
v 0.000000 0.077823 -0.010073
v 0.000000 0.076444 -0.012121
v -0.008921 0.074128 -0.010073
v -0.007946 0.073153 -0.012121
v -0.011371 0.070539 -0.010073
v -0.010081 0.070125 -0.012121
v -0.012436 0.066544 -0.010073
v -0.011077 0.066531 -0.012121
v -0.012164 0.062363 -0.010073
v -0.010859 0.062762 -0.012121
v -0.010548 0.058422 -0.010073
v -0.009429 0.059214 -0.012121
v -0.007730 0.055290 -0.010073
v -0.006915 0.056396 -0.012121
v -0.004092 0.053291 -0.010073
v -0.003663 0.054599 -0.012121
v 0.000000 0.052591 -0.010073
v 0.000000 0.053970 -0.012121
v -0.003663 0.054599 -0.012121
v 0.000000 0.064842 -0.012121
v 0.000000 0.053970 -0.012121
v -0.006915 0.056396 -0.012121
v -0.009429 0.059214 -0.012121
v -0.010859 0.062762 -0.012121
v -0.011077 0.066531 -0.012121
v -0.010081 0.070125 -0.012121
v -0.007946 0.073153 -0.012121
v -0.004300 0.075589 -0.012121
v 0.000000 0.076444 -0.012121
v 0.003663 0.054599 -0.012121
v 0.006915 0.056396 -0.012121
v 0.009429 0.059214 -0.012121
v 0.010859 0.062762 -0.012121
v 0.011077 0.066531 -0.012121
v 0.010081 0.070125 -0.012121
v 0.007946 0.073153 -0.012121
v 0.004300 0.075589 -0.012121
v 0.000000 0.079818 -0.002324
v 0.000000 0.079818 0.002324
v 0.003148 0.079421 0.002324
v 0.003148 0.079421 -0.002324
v 0.006086 0.078240 0.002324
v 0.006086 0.078240 -0.002324
v 0.008102 0.076738 0.002324
v 0.008102 0.076738 -0.002324
v 0.000000 0.077950 -0.002814
v 0.000000 0.079818 -0.002324
v 0.003148 0.079421 -0.002324
v 0.003099 0.077491 -0.002816
v 0.006086 0.078240 -0.002324
v 0.006016 0.076285 -0.002818
v 0.008102 0.074917 -0.002814
v 0.008102 0.076738 -0.002324
v 0.003099 0.077491 0.002816
v 0.003148 0.079421 0.002324
v 0.000000 0.079818 0.002324
v 0.000000 0.077950 0.002814
v 0.006086 0.078240 0.002324
v 0.006016 0.076285 0.002818
v 0.008102 0.074917 0.002814
v 0.008102 0.076738 0.002324
v 0.008102 0.076738 -0.002324
v 0.008102 0.076738 0.002324
v 0.008102 0.074917 0.002814
v 0.008102 0.074917 -0.002814
v 0.000000 0.077950 -0.002814
v 0.003099 0.077491 -0.002816
v 0.000000 0.077823 -0.010073
v 0.004828 0.076863 -0.010071
v 0.006016 0.076285 -0.002818
v 0.008102 0.074917 -0.002814
v 0.008921 0.074128 -0.010073
v 0.008921 0.074128 0.010073
v 0.011371 0.070539 -0.010073
v 0.011371 0.070539 0.010073
v 0.012436 0.066544 -0.010073
v 0.012436 0.066544 0.010073
v 0.012164 0.062363 -0.010073
v 0.012164 0.062363 0.010073
v 0.010548 0.058422 -0.010073
v 0.010548 0.058422 0.010073
v 0.008102 0.074917 0.002814
v 0.007730 0.055290 -0.010073
v 0.007730 0.055290 0.010073
v 0.004092 0.053291 -0.010073
v 0.004092 0.053291 0.010073
v 0.000000 0.052591 -0.010073
v 0.000000 0.052591 0.010073
v 0.004828 0.076863 0.010071
v 0.006016 0.076285 0.002818
v 0.003099 0.077491 0.002816
v 0.000000 0.077823 0.010073
v 0.000000 0.077950 0.002814
v 0.004300 0.075589 -0.012121
v 0.000000 0.076444 -0.012121
v 0.000000 0.077823 -0.010073
v 0.004828 0.076863 -0.010071
v 0.008921 0.074128 -0.010073
v 0.007946 0.073153 -0.012121
v 0.011371 0.070539 -0.010073
v 0.010081 0.070125 -0.012121
v 0.012436 0.066544 -0.010073
v 0.011077 0.066531 -0.012121
v 0.012164 0.062363 -0.010073
v 0.010859 0.062762 -0.012121
v 0.010548 0.058422 -0.010073
v 0.009429 0.059214 -0.012121
v 0.007730 0.055290 -0.010073
v 0.006915 0.056396 -0.012121
v 0.004092 0.053291 -0.010073
v 0.003663 0.054599 -0.012121
v 0.000000 0.052591 -0.010073
v 0.000000 0.053970 -0.012121
v -0.004300 0.075589 0.012121
v 0.000000 0.076444 0.012121
v 0.000000 0.077823 0.010073
v -0.004828 0.076863 0.010071
v -0.008921 0.074128 0.010073
v -0.007946 0.073153 0.012121
v -0.011371 0.070539 0.010073
v -0.010081 0.070125 0.012121
v -0.012436 0.066544 0.010073
v -0.011077 0.066531 0.012121
v -0.012164 0.062363 0.010073
v -0.010859 0.062762 0.012121
v -0.010548 0.058422 0.010073
v -0.009429 0.059214 0.012121
v -0.007730 0.055290 0.010073
v -0.006915 0.056396 0.012121
v -0.004092 0.053291 0.010073
v -0.003663 0.054599 0.012121
v 0.000000 0.052591 0.010073
v 0.000000 0.053970 0.012121
v 0.000000 0.064842 0.012121
v -0.003663 0.054599 0.012121
v 0.000000 0.053970 0.012121
v -0.006915 0.056396 0.012121
v -0.009429 0.059214 0.012121
v -0.010859 0.062762 0.012121
v -0.011077 0.066531 0.012121
v -0.010081 0.070125 0.012121
v -0.007946 0.073153 0.012121
v -0.004300 0.075589 0.012121
v 0.000000 0.076444 0.012121
v 0.003663 0.054599 0.012121
v 0.006915 0.056396 0.012121
v 0.009429 0.059214 0.012121
v 0.010859 0.062762 0.012121
v 0.011077 0.066531 0.012121
v 0.010081 0.070125 0.012121
v 0.007946 0.073153 0.012121
v 0.004300 0.075589 0.012121
v 0.004300 0.075589 0.012121
v 0.004828 0.076863 0.010071
v 0.000000 0.077823 0.010073
v 0.000000 0.076444 0.012121
v 0.008921 0.074128 0.010073
v 0.007946 0.073153 0.012121
v 0.011371 0.070539 0.010073
v 0.010081 0.070125 0.012121
v 0.012436 0.066544 0.010073
v 0.011077 0.066531 0.012121
v 0.012164 0.062363 0.010073
v 0.010859 0.062762 0.012121
v 0.010548 0.058422 0.010073
v 0.009429 0.059214 0.012121
v 0.007730 0.055290 0.010073
v 0.006915 0.056396 0.012121
v 0.004092 0.053291 0.010073
v 0.003663 0.054599 0.012121
v 0.000000 0.052591 0.010073
v 0.000000 0.053970 0.012121
v -0.010497 0.085140 -0.002843
v -0.010553 0.087270 -0.002351
v -0.010701 0.089524 -0.001662
v 0.010497 0.085140 0.002843
v 0.010553 0.087270 0.002351
v 0.010701 0.089524 0.001662
vt 0.680664 0.855469
vt 0.690430 0.837402
vt 0.678711 0.837402
vt 0.690430 0.837402
vt 0.680664 0.855469
vt 0.678711 0.837402
vt 0.690430 0.837402
vt 0.680664 0.855469
vt 0.678711 0.837402
vt 0.680664 0.855469
vt 0.690430 0.837402
vt 0.678711 0.837402
vt 0.048553 0.860352
vt 0.076233 0.860352
vt 0.076233 0.888672
vt 0.048553 0.888672
vt 0.020859 0.860352
vt 0.020844 0.888672
vt 0.103943 0.888672
vt 0.103943 0.860352
vt 0.131592 0.888672
vt 0.131592 0.860352
vt 0.159302 0.888672
vt 0.159302 0.860352
vt 0.187012 0.888672
vt 0.187012 0.860352
vt 0.048553 0.860352
vt 0.020859 0.860352
vt 0.020844 0.888672
vt 0.048553 0.888672
vt 0.076233 0.860352
vt 0.076233 0.888672
vt 0.103943 0.860352
vt 0.103943 0.888672
vt 0.131592 0.860352
vt 0.131592 0.888672
vt 0.159302 0.860352
vt 0.159302 0.888672
vt 0.187012 0.860352
vt 0.187012 0.888672
vt 0.676758 0.952148
vt 0.620606 0.920410
vt 0.653809 0.976074
vt 0.620606 0.984863
vt 0.652344 0.976562
vt 0.676269 0.953125
vt 0.685547 0.920898
vt 0.676758 0.888672
vt 0.653809 0.864746
vt 0.620606 0.855957
vt 0.652344 0.864258
vt 0.676269 0.887207
vt 0.685547 0.919434
vt 0.652344 0.976562
vt 0.620606 0.920410
vt 0.676269 0.953125
vt 0.620606 0.984863
vt 0.653809 0.976074
vt 0.676758 0.952148
vt 0.685547 0.919434
vt 0.676269 0.887207
vt 0.652344 0.864258
vt 0.620606 0.855957
vt 0.653809 0.864746
vt 0.676758 0.888672
vt 0.685547 0.920898
vt 0.937988 0.018097
vt 0.889648 0.018097
vt 0.889648 0.063232
vt 0.937988 0.076416
vt 0.889648 0.063232
vt 0.889648 0.018097
vt 0.937988 0.018097
vt 0.937988 0.076416
vt 0.889648 0.018097
vt 0.856445 0.018097
vt 0.856445 0.075623
vt 0.889648 0.063232
vt 0.856445 0.018097
vt 0.824219 0.018097
vt 0.824219 0.065186
vt 0.856445 0.075623
vt 0.526856 0.534668
vt 0.552246 0.567871
vt 0.446533 0.572266
vt 0.477295 0.489258
vt 0.442383 0.466553
vt 0.489014 0.478272
vt 0.536133 0.525391
vt 0.526856 0.534668
vt 0.552246 0.567871
vt 0.477295 0.489258
vt 0.442383 0.466553
vt 0.489014 0.478272
vt 0.536133 0.525391
vt 0.824219 0.065186
vt 0.824219 0.018097
vt 0.856445 0.018097
vt 0.856445 0.075623
vt 0.856445 0.075623
vt 0.856445 0.018097
vt 0.889648 0.018097
vt 0.889648 0.063232
vt 0.657715 0.634766
vt 0.664551 0.675293
vt 0.609863 0.645508
vt 0.615234 0.583008
vt 0.659180 0.606934
vt 0.684570 0.716797
vt 0.645508 0.724121
vt 0.675781 0.739258
vt 0.698242 0.732422
vt 0.703613 0.752441
vt 0.681641 0.769531
vt 0.725098 0.757324
vt 0.608398 0.714356
vt 0.736328 0.818848
vt 0.664551 0.813965
vt 0.639160 0.791504
vt 0.601074 0.815918
vt 0.577637 0.759277
vt 0.564941 0.831543
vt 0.511719 0.785156
vt 0.526367 0.826172
vt 0.533203 0.854981
vt 0.486084 0.839844
vt 0.509277 0.886231
vt 0.469727 0.830566
vt 0.659180 0.606934
vt 0.615234 0.583008
vt 0.609863 0.645508
vt 0.657715 0.634766
vt 0.664551 0.675293
vt 0.684570 0.716797
vt 0.645508 0.724121
vt 0.608398 0.714356
vt 0.675781 0.739258
vt 0.698242 0.732422
vt 0.703613 0.752441
vt 0.681641 0.769531
vt 0.725098 0.757324
vt 0.736328 0.818848
vt 0.664551 0.813965
vt 0.639160 0.791504
vt 0.601074 0.815918
vt 0.577637 0.759277
vt 0.511719 0.785156
vt 0.564941 0.831543
vt 0.526367 0.826172
vt 0.533203 0.854981
vt 0.486084 0.839844
vt 0.509277 0.886231
vt 0.469727 0.830566
vt 0.102478 0.549316
vt 0.103210 0.492920
vt 0.147949 0.492920
vt 0.148682 0.549316
vt 0.150879 0.628418
vt 0.100281 0.628418
vt 0.102478 0.581543
vt 0.148682 0.581543
vt 0.156250 0.681641
vt 0.094971 0.681641
vt 0.160278 0.705566
vt 0.090881 0.705566
vt 0.163818 0.729492
vt 0.087463 0.729492
vt 0.102478 0.549316
vt 0.148682 0.549316
vt 0.560547 0.075562
vt 0.614258 0.075134
vt 0.614258 0.138428
vt 0.560547 0.138061
vt 0.238648 0.076294
vt 0.298828 0.076294
vt 0.298828 0.140747
vt 0.238648 0.140747
vt 0.396240 0.074951
vt 0.396240 0.137695
vt 0.335205 0.137695
vt 0.335205 0.074951
vt 0.450440 0.074951
vt 0.450440 0.137695
vt 0.483887 0.074951
vt 0.483887 0.137695
vt 0.517578 0.074951
vt 0.517578 0.137695
vt 0.551269 0.074951
vt 0.551269 0.137695
vt 0.319824 0.076294
vt 0.319824 0.140747
vt 0.298828 0.140747
vt 0.298828 0.076294
vt 0.728027 0.918457
vt 0.728027 0.850098
vt 0.848633 0.850098
vt 0.848633 0.918457
vt 0.916504 0.850098
vt 0.916504 0.918457
vt 0.986816 0.850098
vt 0.986816 0.918457
vt 0.848633 0.812988
vt 0.848633 0.988281
vt 0.728027 0.988281
vt 0.916504 0.988281
vt 0.986816 0.988281
vt 0.728027 0.918457
vt 0.848633 0.918457
vt 0.848633 0.988281
vt 0.728027 0.988281
vt 0.916504 0.988281
vt 0.916504 0.918457
vt 0.986816 0.988281
vt 0.986816 0.918457
vt 0.848633 0.850098
vt 0.728027 0.850098
vt 0.986816 0.850098
vt 0.916504 0.850098
vt 0.848633 0.812988
vt 0.422363 0.659668
vt 0.502441 0.659668
vt 0.500977 0.633301
vt 0.426514 0.633301
vt 0.553711 0.659668
vt 0.547852 0.633301
vt 0.502441 0.659668
vt 0.422363 0.659668
vt 0.426514 0.633301
vt 0.500977 0.633301
vt 0.553711 0.659668
vt 0.547852 0.633301
vt 0.427978 0.699219
vt 0.501953 0.699219
vt 0.502441 0.659668
vt 0.422363 0.659668
vt 0.546387 0.699219
vt 0.553711 0.659668
vt 0.501953 0.699219
vt 0.427978 0.699219
vt 0.422363 0.659668
vt 0.502441 0.659668
vt 0.546387 0.699219
vt 0.553711 0.659668
vt 0.500977 0.633301
vt 0.499512 0.590332
vt 0.437988 0.590332
vt 0.528809 0.608398
vt 0.426514 0.633301
vt 0.547852 0.633301
vt 0.426514 0.633301
vt 0.437988 0.590332
vt 0.500977 0.633301
vt 0.499512 0.590332
vt 0.528809 0.608398
vt 0.547852 0.633301
vt 0.521484 0.757812
vt 0.546387 0.699219
vt 0.501953 0.699219
vt 0.446045 0.757812
vt 0.427978 0.699219
vt 0.501953 0.699219
vt 0.446045 0.757812
vt 0.427978 0.699219
vt 0.521484 0.757812
vt 0.546387 0.699219
vt 0.937988 0.018097
vt 0.889648 0.018097
vt 0.889648 0.063232
vt 0.937988 0.076416
vt 0.889648 0.063232
vt 0.889648 0.018097
vt 0.937988 0.018097
vt 0.937988 0.076416
vt 0.889648 0.018097
vt 0.856445 0.018097
vt 0.856445 0.075623
vt 0.889648 0.063232
vt 0.856445 0.018097
vt 0.824219 0.018097
vt 0.824219 0.065186
vt 0.856445 0.075623
vt 0.526856 0.534668
vt 0.552246 0.567871
vt 0.446533 0.572266
vt 0.477295 0.489258
vt 0.442383 0.466553
vt 0.489014 0.478272
vt 0.536133 0.525391
vt 0.526856 0.534668
vt 0.552246 0.567871
vt 0.477295 0.489258
vt 0.442383 0.466553
vt 0.489014 0.478272
vt 0.536133 0.525391
vt 0.824219 0.065186
vt 0.824219 0.018097
vt 0.856445 0.018097
vt 0.856445 0.075623
vt 0.856445 0.075623
vt 0.856445 0.018097
vt 0.889648 0.018097
vt 0.889648 0.063232
vt 0.657715 0.634766
vt 0.664551 0.675293
vt 0.609863 0.645508
vt 0.615234 0.583008
vt 0.659180 0.606934
vt 0.684570 0.716797
vt 0.645508 0.724121
vt 0.675781 0.739258
vt 0.698242 0.732422
vt 0.703613 0.752441
vt 0.681641 0.769531
vt 0.725098 0.757324
vt 0.608398 0.714356
vt 0.736328 0.818848
vt 0.664551 0.813965
vt 0.639160 0.791504
vt 0.601074 0.815918
vt 0.577637 0.759277
vt 0.564941 0.831543
vt 0.511719 0.785156
vt 0.526367 0.826172
vt 0.533203 0.854981
vt 0.486084 0.839844
vt 0.509277 0.886231
vt 0.469727 0.830566
vt 0.659180 0.606934
vt 0.615234 0.583008
vt 0.609863 0.645508
vt 0.657715 0.634766
vt 0.664551 0.675293
vt 0.684570 0.716797
vt 0.645508 0.724121
vt 0.608398 0.714356
vt 0.675781 0.739258
vt 0.698242 0.732422
vt 0.703613 0.752441
vt 0.681641 0.769531
vt 0.725098 0.757324
vt 0.736328 0.818848
vt 0.664551 0.813965
vt 0.639160 0.791504
vt 0.601074 0.815918
vt 0.577637 0.759277
vt 0.511719 0.785156
vt 0.564941 0.831543
vt 0.526367 0.826172
vt 0.533203 0.854981
vt 0.486084 0.839844
vt 0.509277 0.886231
vt 0.469727 0.830566
vt 0.102478 0.549316
vt 0.103210 0.492920
vt 0.147949 0.492920
vt 0.148682 0.549316
vt 0.150879 0.628418
vt 0.100281 0.628418
vt 0.102478 0.581543
vt 0.148682 0.581543
vt 0.156250 0.681641
vt 0.094971 0.681641
vt 0.160278 0.705566
vt 0.090881 0.705566
vt 0.163818 0.729492
vt 0.087463 0.729492
vt 0.102478 0.549316
vt 0.148682 0.549316
vt 0.560547 0.075562
vt 0.614258 0.075134
vt 0.614258 0.138428
vt 0.560547 0.138061
vt 0.238648 0.076294
vt 0.298828 0.076294
vt 0.298828 0.140747
vt 0.238648 0.140747
vt 0.396240 0.074951
vt 0.396240 0.137695
vt 0.335205 0.137695
vt 0.335205 0.074951
vt 0.450440 0.074951
vt 0.450440 0.137695
vt 0.483887 0.074951
vt 0.483887 0.137695
vt 0.517578 0.074951
vt 0.517578 0.137695
vt 0.551269 0.074951
vt 0.551269 0.137695
vt 0.319824 0.076294
vt 0.319824 0.140747
vt 0.298828 0.140747
vt 0.298828 0.076294
vt 0.728027 0.918457
vt 0.728027 0.850098
vt 0.848633 0.850098
vt 0.848633 0.918457
vt 0.916504 0.850098
vt 0.916504 0.918457
vt 0.986816 0.850098
vt 0.986816 0.918457
vt 0.848633 0.812988
vt 0.848633 0.988281
vt 0.728027 0.988281
vt 0.916504 0.988281
vt 0.986816 0.988281
vt 0.422363 0.659668
vt 0.502441 0.659668
vt 0.500977 0.633301
vt 0.426514 0.633301
vt 0.553711 0.659668
vt 0.547852 0.633301
vt 0.502441 0.659668
vt 0.422363 0.659668
vt 0.426514 0.633301
vt 0.500977 0.633301
vt 0.553711 0.659668
vt 0.547852 0.633301
vt 0.427978 0.699219
vt 0.501953 0.699219
vt 0.502441 0.659668
vt 0.422363 0.659668
vt 0.546387 0.699219
vt 0.553711 0.659668
vt 0.501953 0.699219
vt 0.427978 0.699219
vt 0.422363 0.659668
vt 0.502441 0.659668
vt 0.546387 0.699219
vt 0.553711 0.659668
vt 0.500977 0.633301
vt 0.499512 0.590332
vt 0.437988 0.590332
vt 0.528809 0.608398
vt 0.426514 0.633301
vt 0.547852 0.633301
vt 0.426514 0.633301
vt 0.437988 0.590332
vt 0.500977 0.633301
vt 0.499512 0.590332
vt 0.528809 0.608398
vt 0.547852 0.633301
vt 0.521484 0.757812
vt 0.546387 0.699219
vt 0.501953 0.699219
vt 0.446045 0.757812
vt 0.427978 0.699219
vt 0.501953 0.699219
vt 0.446045 0.757812
vt 0.427978 0.699219
vt 0.521484 0.757812
vt 0.546387 0.699219
vt 0.937988 0.018097
vt 0.889648 0.018097
vt 0.889648 0.063232
vt 0.937988 0.076416
vt 0.889648 0.063232
vt 0.889648 0.018097
vt 0.937988 0.018097
vt 0.937988 0.076416
vt 0.889648 0.018097
vt 0.856445 0.018097
vt 0.856445 0.075623
vt 0.889648 0.063232
vt 0.856445 0.018097
vt 0.824219 0.018097
vt 0.824219 0.065186
vt 0.856445 0.075623
vt 0.824219 0.065186
vt 0.824219 0.018097
vt 0.856445 0.018097
vt 0.856445 0.075623
vt 0.856445 0.075623
vt 0.856445 0.018097
vt 0.889648 0.018097
vt 0.889648 0.063232
vt 0.657715 0.634766
vt 0.664551 0.675293
vt 0.609863 0.645508
vt 0.615234 0.583008
vt 0.659180 0.606934
vt 0.684570 0.716797
vt 0.645508 0.724121
vt 0.675781 0.739258
vt 0.698242 0.732422
vt 0.703613 0.752441
vt 0.681641 0.769531
vt 0.725098 0.757324
vt 0.608398 0.714356
vt 0.736328 0.818848
vt 0.664551 0.813965
vt 0.639160 0.791504
vt 0.601074 0.815918
vt 0.577637 0.759277
vt 0.564941 0.831543
vt 0.511719 0.785156
vt 0.526367 0.826172
vt 0.533203 0.854981
vt 0.486084 0.839844
vt 0.509277 0.886231
vt 0.469727 0.830566
vt 0.659180 0.606934
vt 0.615234 0.583008
vt 0.609863 0.645508
vt 0.657715 0.634766
vt 0.664551 0.675293
vt 0.684570 0.716797
vt 0.645508 0.724121
vt 0.608398 0.714356
vt 0.675781 0.739258
vt 0.698242 0.732422
vt 0.703613 0.752441
vt 0.681641 0.769531
vt 0.725098 0.757324
vt 0.736328 0.818848
vt 0.664551 0.813965
vt 0.639160 0.791504
vt 0.601074 0.815918
vt 0.577637 0.759277
vt 0.511719 0.785156
vt 0.564941 0.831543
vt 0.526367 0.826172
vt 0.533203 0.854981
vt 0.486084 0.839844
vt 0.509277 0.886231
vt 0.469727 0.830566
vt 0.102478 0.549316
vt 0.103210 0.492920
vt 0.147949 0.492920
vt 0.148682 0.549316
vt 0.150879 0.628418
vt 0.100281 0.628418
vt 0.102478 0.581543
vt 0.148682 0.581543
vt 0.156250 0.681641
vt 0.094971 0.681641
vt 0.160278 0.705566
vt 0.090881 0.705566
vt 0.163818 0.729492
vt 0.087463 0.729492
vt 0.102478 0.549316
vt 0.148682 0.549316
vt 0.560547 0.075562
vt 0.614258 0.075134
vt 0.614258 0.138428
vt 0.560547 0.138061
vt 0.238648 0.076294
vt 0.298828 0.076294
vt 0.298828 0.140747
vt 0.238648 0.140747
vt 0.396240 0.074951
vt 0.396240 0.137695
vt 0.335205 0.137695
vt 0.335205 0.074951
vt 0.450440 0.074951
vt 0.450440 0.137695
vt 0.483887 0.074951
vt 0.483887 0.137695
vt 0.517578 0.074951
vt 0.517578 0.137695
vt 0.551269 0.074951
vt 0.551269 0.137695
vt 0.319824 0.076294
vt 0.319824 0.140747
vt 0.298828 0.140747
vt 0.298828 0.076294
vt 0.728027 0.918457
vt 0.848633 0.918457
vt 0.848633 0.988281
vt 0.728027 0.988281
vt 0.916504 0.988281
vt 0.916504 0.918457
vt 0.986816 0.988281
vt 0.986816 0.918457
vt 0.848633 0.850098
vt 0.728027 0.850098
vt 0.986816 0.850098
vt 0.916504 0.850098
vt 0.848633 0.812988
vt 0.422363 0.659668
vt 0.502441 0.659668
vt 0.500977 0.633301
vt 0.426514 0.633301
vt 0.553711 0.659668
vt 0.547852 0.633301
vt 0.502441 0.659668
vt 0.422363 0.659668
vt 0.426514 0.633301
vt 0.500977 0.633301
vt 0.553711 0.659668
vt 0.547852 0.633301
vt 0.427978 0.699219
vt 0.501953 0.699219
vt 0.502441 0.659668
vt 0.422363 0.659668
vt 0.546387 0.699219
vt 0.553711 0.659668
vt 0.501953 0.699219
vt 0.427978 0.699219
vt 0.422363 0.659668
vt 0.502441 0.659668
vt 0.546387 0.699219
vt 0.553711 0.659668
vt 0.500977 0.633301
vt 0.499512 0.590332
vt 0.437988 0.590332
vt 0.528809 0.608398
vt 0.426514 0.633301
vt 0.547852 0.633301
vt 0.426514 0.633301
vt 0.437988 0.590332
vt 0.500977 0.633301
vt 0.499512 0.590332
vt 0.528809 0.608398
vt 0.547852 0.633301
vt 0.521484 0.757812
vt 0.546387 0.699219
vt 0.501953 0.699219
vt 0.446045 0.757812
vt 0.427978 0.699219
vt 0.501953 0.699219
vt 0.446045 0.757812
vt 0.427978 0.699219
vt 0.521484 0.757812
vt 0.546387 0.699219
vt 0.937988 0.018097
vt 0.889648 0.018097
vt 0.889648 0.063232
vt 0.937988 0.076416
vt 0.889648 0.063232
vt 0.889648 0.018097
vt 0.937988 0.018097
vt 0.937988 0.076416
vt 0.889648 0.018097
vt 0.856445 0.018097
vt 0.856445 0.075623
vt 0.889648 0.063232
vt 0.856445 0.018097
vt 0.824219 0.018097
vt 0.824219 0.065186
vt 0.856445 0.075623
vt 0.824219 0.065186
vt 0.824219 0.018097
vt 0.856445 0.018097
vt 0.856445 0.075623
vt 0.856445 0.075623
vt 0.856445 0.018097
vt 0.889648 0.018097
vt 0.889648 0.063232
vt 0.657715 0.634766
vt 0.664551 0.675293
vt 0.609863 0.645508
vt 0.615234 0.583008
vt 0.659180 0.606934
vt 0.684570 0.716797
vt 0.645508 0.724121
vt 0.675781 0.739258
vt 0.698242 0.732422
vt 0.703613 0.752441
vt 0.681641 0.769531
vt 0.725098 0.757324
vt 0.608398 0.714356
vt 0.736328 0.818848
vt 0.664551 0.813965
vt 0.639160 0.791504
vt 0.601074 0.815918
vt 0.577637 0.759277
vt 0.564941 0.831543
vt 0.511719 0.785156
vt 0.526367 0.826172
vt 0.533203 0.854981
vt 0.486084 0.839844
vt 0.509277 0.886231
vt 0.469727 0.830566
vt 0.659180 0.606934
vt 0.615234 0.583008
vt 0.609863 0.645508
vt 0.657715 0.634766
vt 0.664551 0.675293
vt 0.684570 0.716797
vt 0.645508 0.724121
vt 0.608398 0.714356
vt 0.675781 0.739258
vt 0.698242 0.732422
vt 0.703613 0.752441
vt 0.681641 0.769531
vt 0.725098 0.757324
vt 0.736328 0.818848
vt 0.664551 0.813965
vt 0.639160 0.791504
vt 0.601074 0.815918
vt 0.577637 0.759277
vt 0.511719 0.785156
vt 0.564941 0.831543
vt 0.526367 0.826172
vt 0.533203 0.854981
vt 0.486084 0.839844
vt 0.509277 0.886231
vt 0.469727 0.830566
vt 0.102478 0.549316
vt 0.103210 0.492920
vt 0.147949 0.492920
vt 0.148682 0.549316
vt 0.150879 0.628418
vt 0.100281 0.628418
vt 0.102478 0.581543
vt 0.148682 0.581543
vt 0.156250 0.681641
vt 0.094971 0.681641
vt 0.160278 0.705566
vt 0.090881 0.705566
vt 0.163818 0.729492
vt 0.087463 0.729492
vt 0.102478 0.549316
vt 0.148682 0.549316
vt 0.560547 0.075562
vt 0.614258 0.075134
vt 0.614258 0.138428
vt 0.560547 0.138061
vt 0.238648 0.076294
vt 0.298828 0.076294
vt 0.298828 0.140747
vt 0.238648 0.140747
vt 0.396240 0.074951
vt 0.396240 0.137695
vt 0.335205 0.137695
vt 0.335205 0.074951
vt 0.450440 0.074951
vt 0.450440 0.137695
vt 0.483887 0.074951
vt 0.483887 0.137695
vt 0.517578 0.074951
vt 0.517578 0.137695
vt 0.551269 0.074951
vt 0.551269 0.137695
vt 0.319824 0.076294
vt 0.319824 0.140747
vt 0.298828 0.140747
vt 0.298828 0.076294
vt 0.422363 0.659668
vt 0.502441 0.659668
vt 0.500977 0.633301
vt 0.426514 0.633301
vt 0.553711 0.659668
vt 0.547852 0.633301
vt 0.502441 0.659668
vt 0.422363 0.659668
vt 0.426514 0.633301
vt 0.500977 0.633301
vt 0.553711 0.659668
vt 0.547852 0.633301
vt 0.427978 0.699219
vt 0.501953 0.699219
vt 0.502441 0.659668
vt 0.422363 0.659668
vt 0.546387 0.699219
vt 0.553711 0.659668
vt 0.501953 0.699219
vt 0.427978 0.699219
vt 0.422363 0.659668
vt 0.502441 0.659668
vt 0.546387 0.699219
vt 0.553711 0.659668
vt 0.500977 0.633301
vt 0.499512 0.590332
vt 0.437988 0.590332
vt 0.528809 0.608398
vt 0.426514 0.633301
vt 0.547852 0.633301
vt 0.426514 0.633301
vt 0.437988 0.590332
vt 0.500977 0.633301
vt 0.499512 0.590332
vt 0.528809 0.608398
vt 0.547852 0.633301
vt 0.521484 0.757812
vt 0.546387 0.699219
vt 0.501953 0.699219
vt 0.446045 0.757812
vt 0.427978 0.699219
vt 0.501953 0.699219
vt 0.446045 0.757812
vt 0.427978 0.699219
vt 0.521484 0.757812
vt 0.546387 0.699219
vt 0.291016 0.667969
vt 0.241455 0.667969
vt 0.241455 0.610840
vt 0.291016 0.610840
vt 0.343750 0.667969
vt 0.343750 0.610840
vt 0.291016 0.667969
vt 0.291016 0.610840
vt 0.241455 0.667969
vt 0.241455 0.610840
vt 0.188843 0.667969
vt 0.188843 0.610840
vt 0.188843 0.610840
vt 0.188843 0.667969
vt 0.241455 0.667969
vt 0.188843 0.667969
vt 0.241455 0.610840
vt 0.291016 0.667969
vt 0.291016 0.610840
vt 0.343750 0.667969
vt 0.343750 0.610840
vt 0.291016 0.667969
vt 0.343750 0.610840
vt 0.291016 0.610840
vt 0.241455 0.667969
vt 0.241455 0.610840
vt 0.188843 0.667969
vt 0.241455 0.610840
vt 0.265625 0.596680
vt 0.291016 0.610840
vt 0.195312 0.596680
vt 0.188843 0.610840
vt 0.337891 0.596680
vt 0.343750 0.610840
vt 0.343750 0.610840
vt 0.337891 0.596680
vt 0.291016 0.610840
vt 0.265625 0.596680
vt 0.241455 0.610840
vt 0.195312 0.596680
vt 0.188843 0.610840
vt 0.188843 0.610840
vt 0.195312 0.596680
vt 0.241455 0.610840
vt 0.265625 0.596680
vt 0.291016 0.610840
vt 0.337891 0.596680
vt 0.343750 0.610840
vt 0.343750 0.610840
vt 0.337891 0.596680
vt 0.291016 0.610840
vt 0.265625 0.596680
vt 0.241455 0.610840
vt 0.195312 0.596680
vt 0.188843 0.610840
vt 0.291016 0.667969
vt 0.265625 0.698242
vt 0.241455 0.667969
vt 0.329590 0.698242
vt 0.202515 0.698242
vt 0.188843 0.667969
vt 0.343750 0.667969
vt 0.291016 0.667969
vt 0.265625 0.698242
vt 0.329590 0.698242
vt 0.241455 0.667969
vt 0.202515 0.698242
vt 0.343750 0.667969
vt 0.188843 0.667969
vt 0.241455 0.667969
vt 0.265625 0.698242
vt 0.202515 0.698242
vt 0.291016 0.667969
vt 0.329590 0.698242
vt 0.188843 0.667969
vt 0.343750 0.667969
vt 0.291016 0.667969
vt 0.265625 0.698242
vt 0.329590 0.698242
vt 0.241455 0.667969
vt 0.202515 0.698242
vt 0.188843 0.667969
vt 0.343750 0.667969
vt 0.382080 0.203735
vt 0.454590 0.268310
vt 0.468506 0.203735
vt 0.382080 0.268310
vt 0.324463 0.268310
vt 0.324463 0.203735
vt 0.382080 0.268310
vt 0.382080 0.203735
vt 0.454590 0.268310
vt 0.468506 0.203735
vt 0.382080 0.306152
vt 0.445312 0.306152
vt 0.454590 0.268310
vt 0.382080 0.268310
vt 0.324463 0.306152
vt 0.324463 0.268310
vt 0.430176 0.364502
vt 0.382080 0.364502
vt 0.324463 0.364502
vt 0.382080 0.306152
vt 0.324463 0.306152
vt 0.324463 0.268310
vt 0.382080 0.268310
vt 0.445312 0.306152
vt 0.430176 0.364502
vt 0.382080 0.364502
vt 0.454590 0.268310
vt 0.324463 0.364502
vt 0.430176 0.364502
vt 0.382080 0.364502
vt 0.382080 0.378906
vt 0.433105 0.378906
vt 0.324463 0.364502
vt 0.324463 0.378906
vt 0.382080 0.364502
vt 0.430176 0.364502
vt 0.433105 0.378906
vt 0.382080 0.378906
vt 0.324463 0.364502
vt 0.324463 0.378906
vt 0.403565 0.468994
vt 0.433105 0.378906
vt 0.382080 0.378906
vt 0.324463 0.468994
vt 0.324463 0.378906
vt 0.403565 0.468994
vt 0.324463 0.468994
vt 0.382080 0.378906
vt 0.324463 0.378906
vt 0.433105 0.378906
vt 0.222412 0.290527
vt 0.310791 0.290527
vt 0.310791 0.230102
vt 0.222412 0.230102
vt 0.222412 0.290527
vt 0.222412 0.326904
vt 0.310791 0.326904
vt 0.310791 0.290527
vt 0.265625 0.486084
vt 0.222412 0.491699
vt 0.265625 0.596680
vt 0.310791 0.491699
vt 0.195312 0.596680
vt 0.167847 0.491699
vt 0.337891 0.596680
vt 0.366455 0.491699
vt 0.403565 0.468994
vt 0.433105 0.378906
vt 0.461914 0.306152
vt 0.409912 0.483154
vt 0.430176 0.364502
vt 0.445312 0.306152
vt 0.454590 0.268310
vt 0.473389 0.268310
vt 0.492188 0.203735
vt 0.473389 0.268310
vt 0.454590 0.268310
vt 0.468506 0.203735
vt 0.473389 0.268310
vt 0.492188 0.203735
vt 0.468506 0.203735
vt 0.454590 0.268310
vt 0.433105 0.378906
vt 0.403565 0.468994
vt 0.409912 0.483154
vt 0.461914 0.306152
vt 0.430176 0.364502
vt 0.445312 0.306152
vt 0.454590 0.268310
vt 0.473389 0.268310
vt 0.324463 0.468994
vt 0.403565 0.468994
vt 0.409912 0.483154
vt 0.324463 0.483154
vt 0.403565 0.468994
vt 0.324463 0.468994
vt 0.324463 0.483154
vt 0.409912 0.483154
vt 0.112915 0.796387
vt 0.106079 0.795898
vt 0.093750 0.776856
vt 0.178223 0.744141
vt 0.080933 0.752930
vt 0.130981 0.812500
vt 0.151245 0.830566
vt 0.131592 0.819824
vt 0.175903 0.841797
vt 0.175903 0.841797
vt 0.151245 0.830566
vt 0.130981 0.812500
vt 0.131592 0.819824
vt 0.112915 0.796387
vt 0.093750 0.776856
vt 0.106079 0.795898
vt 0.080933 0.752930
vt 0.093750 0.776856
vt 0.106079 0.795898
vt 0.112915 0.796387
vt 0.178223 0.744141
vt 0.080933 0.752930
vt 0.130981 0.812500
vt 0.151245 0.830566
vt 0.131592 0.819824
vt 0.175903 0.841797
vt 0.080933 0.752930
vt 0.093750 0.776856
vt 0.112915 0.796387
vt 0.106079 0.795898
vt 0.130981 0.812500
vt 0.151245 0.830566
vt 0.131592 0.819824
vt 0.175903 0.841797
vt 0.265625 0.698242
vt 0.329590 0.698242
vt 0.325684 0.730469
vt 0.265625 0.730469
vt 0.202515 0.698242
vt 0.206055 0.730469
vt 0.329590 0.698242
vt 0.265625 0.698242
vt 0.265625 0.730469
vt 0.325684 0.730469
vt 0.206055 0.730469
vt 0.202515 0.698242
vt 0.310791 0.491699
vt 0.366455 0.491699
vt 0.337891 0.596680
vt 0.265625 0.596680
vt 0.265625 0.486084
vt 0.222412 0.491699
vt 0.195312 0.596680
vt 0.167847 0.491699
vt 0.310791 0.326904
vt 0.222412 0.326904
vt 0.222412 0.290527
vt 0.310791 0.290527
vt 0.382080 0.203735
vt 0.454590 0.268310
vt 0.468506 0.203735
vt 0.382080 0.268310
vt 0.324463 0.268310
vt 0.324463 0.203735
vt 0.382080 0.268310
vt 0.382080 0.203735
vt 0.454590 0.268310
vt 0.468506 0.203735
vt 0.382080 0.306152
vt 0.445312 0.306152
vt 0.454590 0.268310
vt 0.382080 0.268310
vt 0.324463 0.306152
vt 0.324463 0.268310
vt 0.430176 0.364502
vt 0.382080 0.364502
vt 0.324463 0.364502
vt 0.382080 0.306152
vt 0.324463 0.306152
vt 0.324463 0.268310
vt 0.382080 0.268310
vt 0.445312 0.306152
vt 0.430176 0.364502
vt 0.382080 0.364502
vt 0.454590 0.268310
vt 0.324463 0.364502
vt 0.430176 0.364502
vt 0.382080 0.364502
vt 0.382080 0.378906
vt 0.433105 0.378906
vt 0.324463 0.364502
vt 0.324463 0.378906
vt 0.382080 0.364502
vt 0.430176 0.364502
vt 0.433105 0.378906
vt 0.382080 0.378906
vt 0.324463 0.364502
vt 0.324463 0.378906
vt 0.403565 0.468994
vt 0.433105 0.378906
vt 0.382080 0.378906
vt 0.324463 0.468994
vt 0.324463 0.378906
vt 0.403565 0.468994
vt 0.324463 0.468994
vt 0.382080 0.378906
vt 0.324463 0.378906
vt 0.433105 0.378906
vt 0.310791 0.290527
vt 0.222412 0.290527
vt 0.222412 0.230102
vt 0.310791 0.230102
vt 0.310791 0.290527
vt 0.310791 0.326904
vt 0.222412 0.326904
vt 0.222412 0.290527
vt 0.265625 0.486084
vt 0.310791 0.491699
vt 0.265625 0.596680
vt 0.337891 0.596680
vt 0.222412 0.491699
vt 0.195312 0.596680
vt 0.167847 0.491699
vt 0.366455 0.491699
vt 0.433105 0.378906
vt 0.461914 0.306152
vt 0.409912 0.483154
vt 0.403565 0.468994
vt 0.430176 0.364502
vt 0.445312 0.306152
vt 0.454590 0.268310
vt 0.473389 0.268310
vt 0.492188 0.203735
vt 0.473389 0.268310
vt 0.454590 0.268310
vt 0.468506 0.203735
vt 0.473389 0.268310
vt 0.492188 0.203735
vt 0.468506 0.203735
vt 0.454590 0.268310
vt 0.433105 0.378906
vt 0.403565 0.468994
vt 0.409912 0.483154
vt 0.461914 0.306152
vt 0.430176 0.364502
vt 0.445312 0.306152
vt 0.454590 0.268310
vt 0.473389 0.268310
vt 0.324463 0.468994
vt 0.403565 0.468994
vt 0.409912 0.483154
vt 0.324463 0.483154
vt 0.403565 0.468994
vt 0.324463 0.468994
vt 0.324463 0.483154
vt 0.409912 0.483154
vt 0.202515 0.698242
vt 0.265625 0.698242
vt 0.265625 0.730469
vt 0.206055 0.730469
vt 0.325684 0.730469
vt 0.329590 0.698242
vt 0.382080 0.203735
vt 0.454590 0.268310
vt 0.468506 0.203735
vt 0.382080 0.268310
vt 0.324463 0.268310
vt 0.324463 0.203735
vt 0.382080 0.268310
vt 0.382080 0.203735
vt 0.454590 0.268310
vt 0.468506 0.203735
vt 0.382080 0.306152
vt 0.445312 0.306152
vt 0.454590 0.268310
vt 0.382080 0.268310
vt 0.324463 0.306152
vt 0.324463 0.268310
vt 0.430176 0.364502
vt 0.382080 0.364502
vt 0.324463 0.364502
vt 0.382080 0.306152
vt 0.324463 0.306152
vt 0.324463 0.268310
vt 0.382080 0.268310
vt 0.445312 0.306152
vt 0.430176 0.364502
vt 0.382080 0.364502
vt 0.454590 0.268310
vt 0.324463 0.364502
vt 0.430176 0.364502
vt 0.382080 0.364502
vt 0.382080 0.378906
vt 0.433105 0.378906
vt 0.324463 0.364502
vt 0.324463 0.378906
vt 0.382080 0.364502
vt 0.430176 0.364502
vt 0.433105 0.378906
vt 0.382080 0.378906
vt 0.324463 0.364502
vt 0.324463 0.378906
vt 0.403565 0.468994
vt 0.433105 0.378906
vt 0.382080 0.378906
vt 0.324463 0.468994
vt 0.324463 0.378906
vt 0.403565 0.468994
vt 0.324463 0.468994
vt 0.382080 0.378906
vt 0.324463 0.378906
vt 0.433105 0.378906
vt 0.433105 0.378906
vt 0.461914 0.306152
vt 0.409912 0.483154
vt 0.403565 0.468994
vt 0.430176 0.364502
vt 0.445312 0.306152
vt 0.454590 0.268310
vt 0.473389 0.268310
vt 0.492188 0.203735
vt 0.473389 0.268310
vt 0.454590 0.268310
vt 0.468506 0.203735
vt 0.473389 0.268310
vt 0.492188 0.203735
vt 0.468506 0.203735
vt 0.454590 0.268310
vt 0.403565 0.468994
vt 0.409912 0.483154
vt 0.461914 0.306152
vt 0.433105 0.378906
vt 0.430176 0.364502
vt 0.445312 0.306152
vt 0.454590 0.268310
vt 0.473389 0.268310
vt 0.324463 0.468994
vt 0.403565 0.468994
vt 0.409912 0.483154
vt 0.324463 0.483154
vt 0.403565 0.468994
vt 0.324463 0.468994
vt 0.324463 0.483154
vt 0.409912 0.483154
vt 0.329590 0.698242
vt 0.265625 0.698242
vt 0.265625 0.730469
vt 0.325684 0.730469
vt 0.206055 0.730469
vt 0.202515 0.698242
vt 0.310791 0.491699
vt 0.310791 0.326904
vt 0.265625 0.486084
vt 0.265625 0.596680
vt 0.337891 0.596680
vt 0.366455 0.491699
vt 0.222412 0.491699
vt 0.195312 0.596680
vt 0.167847 0.491699
vt 0.222412 0.326904
vt 0.310791 0.290527
vt 0.222412 0.290527
vt 0.382080 0.203735
vt 0.454590 0.268310
vt 0.468506 0.203735
vt 0.382080 0.268310
vt 0.324463 0.268310
vt 0.324463 0.203735
vt 0.382080 0.268310
vt 0.382080 0.203735
vt 0.454590 0.268310
vt 0.468506 0.203735
vt 0.382080 0.306152
vt 0.445312 0.306152
vt 0.454590 0.268310
vt 0.382080 0.268310
vt 0.324463 0.306152
vt 0.324463 0.268310
vt 0.430176 0.364502
vt 0.382080 0.364502
vt 0.324463 0.364502
vt 0.382080 0.306152
vt 0.324463 0.306152
vt 0.324463 0.268310
vt 0.382080 0.268310
vt 0.445312 0.306152
vt 0.430176 0.364502
vt 0.382080 0.364502
vt 0.454590 0.268310
vt 0.324463 0.364502
vt 0.430176 0.364502
vt 0.382080 0.364502
vt 0.382080 0.378906
vt 0.433105 0.378906
vt 0.324463 0.364502
vt 0.324463 0.378906
vt 0.382080 0.364502
vt 0.430176 0.364502
vt 0.433105 0.378906
vt 0.382080 0.378906
vt 0.324463 0.364502
vt 0.324463 0.378906
vt 0.403565 0.468994
vt 0.433105 0.378906
vt 0.382080 0.378906
vt 0.324463 0.468994
vt 0.324463 0.378906
vt 0.403565 0.468994
vt 0.324463 0.468994
vt 0.382080 0.378906
vt 0.324463 0.378906
vt 0.433105 0.378906
vt 0.310791 0.290527
vt 0.222412 0.290527
vt 0.222412 0.230102
vt 0.310791 0.230102
vt 0.403565 0.468994
vt 0.433105 0.378906
vt 0.461914 0.306152
vt 0.409912 0.483154
vt 0.430176 0.364502
vt 0.445312 0.306152
vt 0.454590 0.268310
vt 0.473389 0.268310
vt 0.492188 0.203735
vt 0.473389 0.268310
vt 0.454590 0.268310
vt 0.468506 0.203735
vt 0.473389 0.268310
vt 0.492188 0.203735
vt 0.468506 0.203735
vt 0.454590 0.268310
vt 0.433105 0.378906
vt 0.403565 0.468994
vt 0.409912 0.483154
vt 0.461914 0.306152
vt 0.430176 0.364502
vt 0.445312 0.306152
vt 0.454590 0.268310
vt 0.473389 0.268310
vt 0.324463 0.468994
vt 0.403565 0.468994
vt 0.409912 0.483154
vt 0.324463 0.483154
vt 0.403565 0.468994
vt 0.324463 0.468994
vt 0.324463 0.483154
vt 0.409912 0.483154
vt 0.222412 0.290527
vt 0.310791 0.290527
vt 0.310791 0.230102
vt 0.222412 0.230102
vt 0.329834 0.741699
vt 0.265625 0.741699
vt 0.265625 0.730469
vt 0.325684 0.730469
vt 0.206055 0.730469
vt 0.201904 0.741699
vt 0.265625 0.741699
vt 0.329834 0.741699
vt 0.325684 0.730469
vt 0.265625 0.730469
vt 0.201904 0.741699
vt 0.206055 0.730469
vt 0.265625 0.741699
vt 0.201904 0.741699
vt 0.206055 0.730469
vt 0.265625 0.730469
vt 0.329834 0.741699
vt 0.325684 0.730469
vt 0.265625 0.741699
vt 0.329834 0.741699
vt 0.325684 0.730469
vt 0.265625 0.730469
vt 0.201904 0.741699
vt 0.206055 0.730469
vt 0.329834 0.794922
vt 0.265625 0.794922
vt 0.265625 0.741699
vt 0.329834 0.741699
vt 0.265625 0.794922
vt 0.265625 0.741699
vt 0.201904 0.794922
vt 0.201904 0.741699
vt 0.265625 0.794922
vt 0.265625 0.741699
vt 0.329834 0.794922
vt 0.329834 0.741699
vt 0.265625 0.794922
vt 0.265625 0.741699
vt 0.201904 0.794922
vt 0.201904 0.741699
vt 0.319336 0.812012
vt 0.265625 0.812012
vt 0.265625 0.794922
vt 0.329834 0.794922
vt 0.201904 0.794922
vt 0.211426 0.812012
vt 0.265625 0.812012
vt 0.319336 0.812012
vt 0.329834 0.794922
vt 0.265625 0.794922
vt 0.211426 0.812012
vt 0.201904 0.794922
vt 0.265625 0.812012
vt 0.211426 0.812012
vt 0.201904 0.794922
vt 0.265625 0.794922
vt 0.319336 0.812012
vt 0.329834 0.794922
vt 0.265625 0.812012
vt 0.319336 0.812012
vt 0.329834 0.794922
vt 0.265625 0.794922
vt 0.211426 0.812012
vt 0.201904 0.794922
vt 0.755859 0.668945
vt 0.732910 0.724121
vt 0.768066 0.718262
vt 0.707031 0.686035
vt 0.691406 0.647461
vt 0.755371 0.624512
vt 0.730957 0.613281
vt 0.683594 0.611816
vt 0.707031 0.602051
vt 0.683106 0.585938
vt 0.754883 0.742188
vt 0.771484 0.748535
vt 0.783691 0.748535
vt 0.755859 0.668945
vt 0.768066 0.718262
vt 0.781250 0.676758
vt 0.788574 0.654785
vt 0.755371 0.624512
vt 0.788574 0.654785
vt 0.801758 0.637695
vt 0.789062 0.599121
vt 0.824707 0.620606
vt 0.789062 0.599121
vt 0.865723 0.584473
vt 0.838867 0.554688
vt 0.906738 0.541016
vt 0.888184 0.505371
vt 0.943848 0.499023
vt 0.923340 0.452393
vt 0.969727 0.452881
vt 0.949219 0.394287
vt 0.984375 0.403076
vt 0.992676 0.352783
vt 0.961426 0.332764
vt 0.987305 0.279541
vt 0.958984 0.270752
vt 0.964356 0.210205
vt 0.942383 0.211670
vt 0.926758 0.148071
vt 0.912598 0.159546
vt 0.770508 0.581055
vt 0.730957 0.613281
vt 0.755371 0.624512
vt 0.721680 0.573731
vt 0.707031 0.602051
vt 0.683106 0.585938
vt 0.750977 0.560059
vt 0.792481 0.553711
vt 0.838867 0.554688
vt 0.789062 0.599121
vt 0.835938 0.541016
vt 0.888184 0.505371
vt 0.841309 0.211304
vt 0.872559 0.318848
vt 0.942383 0.211670
vt 0.958984 0.270752
vt 0.961426 0.332764
vt 0.949219 0.394287
vt 0.862305 0.406006
vt 0.923340 0.452393
vt 0.842285 0.452393
vt 0.888184 0.505371
vt 0.817871 0.492188
vt 0.835938 0.541016
vt 0.795898 0.518555
vt 0.777344 0.537109
vt 0.792481 0.553711
vt 0.750977 0.560059
vt 0.786133 0.742188
vt 0.768066 0.718262
vt 0.783691 0.748535
vt 0.777344 0.717285
vt 0.781250 0.676758
vt 0.755859 0.668945
vt 0.732910 0.724121
vt 0.768066 0.718262
vt 0.707031 0.686035
vt 0.691406 0.647461
vt 0.755371 0.624512
vt 0.730957 0.613281
vt 0.683594 0.611816
vt 0.707031 0.602051
vt 0.683106 0.585938
vt 0.754883 0.742188
vt 0.771484 0.748535
vt 0.783691 0.748535
vt 0.755859 0.668945
vt 0.768066 0.718262
vt 0.781250 0.676758
vt 0.788574 0.654785
vt 0.755371 0.624512
vt 0.788574 0.654785
vt 0.801758 0.637695
vt 0.789062 0.599121
vt 0.824707 0.620606
vt 0.865723 0.584473
vt 0.838867 0.554688
vt 0.906738 0.541016
vt 0.888184 0.505371
vt 0.943848 0.499023
vt 0.923340 0.452393
vt 0.969727 0.452881
vt 0.949219 0.394287
vt 0.984375 0.403076
vt 0.992676 0.352783
vt 0.961426 0.332764
vt 0.987305 0.279541
vt 0.958984 0.270752
vt 0.964356 0.210205
vt 0.942383 0.211670
vt 0.926758 0.148071
vt 0.912598 0.159546
vt 0.770508 0.581055
vt 0.730957 0.613281
vt 0.755371 0.624512
vt 0.721680 0.573731
vt 0.707031 0.602051
vt 0.683106 0.585938
vt 0.750977 0.560059
vt 0.792481 0.553711
vt 0.838867 0.554688
vt 0.789062 0.599121
vt 0.835938 0.541016
vt 0.888184 0.505371
vt 0.841309 0.211304
vt 0.942383 0.211670
vt 0.912598 0.159546
vt 0.872559 0.318848
vt 0.958984 0.270752
vt 0.942383 0.211670
vt 0.961426 0.332764
vt 0.949219 0.394287
vt 0.862305 0.406006
vt 0.923340 0.452393
vt 0.842285 0.452393
vt 0.888184 0.505371
vt 0.817871 0.492188
vt 0.835938 0.541016
vt 0.795898 0.518555
vt 0.777344 0.537109
vt 0.792481 0.553711
vt 0.750977 0.560059
vt 0.841309 0.211304
vt 0.786133 0.742188
vt 0.768066 0.718262
vt 0.783691 0.748535
vt 0.777344 0.717285
vt 0.781250 0.676758
vt 0.732910 0.724121
vt 0.755859 0.668945
vt 0.768066 0.718262
vt 0.707031 0.686035
vt 0.691406 0.647461
vt 0.755371 0.624512
vt 0.730957 0.613281
vt 0.683594 0.611816
vt 0.707031 0.602051
vt 0.683106 0.585938
vt 0.754883 0.742188
vt 0.771484 0.748535
vt 0.783691 0.748535
vt 0.777344 0.717285
vt 0.768066 0.718262
vt 0.781250 0.676758
vt 0.786133 0.742188
vt 0.783691 0.748535
vt 0.788574 0.654785
vt 0.755859 0.668945
vt 0.755371 0.624512
vt 0.801758 0.637695
vt 0.789062 0.599121
vt 0.824707 0.620606
vt 0.865723 0.584473
vt 0.838867 0.554688
vt 0.906738 0.541016
vt 0.888184 0.505371
vt 0.943848 0.499023
vt 0.923340 0.452393
vt 0.969727 0.452881
vt 0.949219 0.394287
vt 0.984375 0.403076
vt 0.992676 0.352783
vt 0.961426 0.332764
vt 0.987305 0.279541
vt 0.958984 0.270752
vt 0.964356 0.210205
vt 0.942383 0.211670
vt 0.926758 0.148071
vt 0.912598 0.159546
vt 0.755371 0.624512
vt 0.770508 0.581055
vt 0.789062 0.599121
vt 0.838867 0.554688
vt 0.792481 0.553711
vt 0.750977 0.560059
vt 0.835938 0.541016
vt 0.888184 0.505371
vt 0.721680 0.573731
vt 0.730957 0.613281
vt 0.707031 0.602051
vt 0.683106 0.585938
vt 0.942383 0.211670
vt 0.872559 0.318848
vt 0.841309 0.211304
vt 0.958984 0.270752
vt 0.961426 0.332764
vt 0.949219 0.394287
vt 0.862305 0.406006
vt 0.923340 0.452393
vt 0.842285 0.452393
vt 0.888184 0.505371
vt 0.817871 0.492188
vt 0.835938 0.541016
vt 0.795898 0.518555
vt 0.777344 0.537109
vt 0.792481 0.553711
vt 0.750977 0.560059
vt 0.732910 0.724121
vt 0.755859 0.668945
vt 0.768066 0.718262
vt 0.707031 0.686035
vt 0.691406 0.647461
vt 0.755371 0.624512
vt 0.730957 0.613281
vt 0.683594 0.611816
vt 0.707031 0.602051
vt 0.683106 0.585938
vt 0.754883 0.742188
vt 0.771484 0.748535
vt 0.783691 0.748535
vt 0.777344 0.717285
vt 0.768066 0.718262
vt 0.781250 0.676758
vt 0.786133 0.742188
vt 0.783691 0.748535
vt 0.788574 0.654785
vt 0.755859 0.668945
vt 0.755371 0.624512
vt 0.801758 0.637695
vt 0.789062 0.599121
vt 0.789062 0.599121
vt 0.824707 0.620606
vt 0.865723 0.584473
vt 0.838867 0.554688
vt 0.906738 0.541016
vt 0.888184 0.505371
vt 0.943848 0.499023
vt 0.923340 0.452393
vt 0.969727 0.452881
vt 0.949219 0.394287
vt 0.984375 0.403076
vt 0.992676 0.352783
vt 0.961426 0.332764
vt 0.987305 0.279541
vt 0.958984 0.270752
vt 0.964356 0.210205
vt 0.942383 0.211670
vt 0.926758 0.148071
vt 0.912598 0.159546
vt 0.770508 0.581055
vt 0.789062 0.599121
vt 0.755371 0.624512
vt 0.838867 0.554688
vt 0.792481 0.553711
vt 0.750977 0.560059
vt 0.835938 0.541016
vt 0.888184 0.505371
vt 0.721680 0.573731
vt 0.730957 0.613281
vt 0.707031 0.602051
vt 0.683106 0.585938
vt 0.942383 0.211670
vt 0.872559 0.318848
vt 0.841309 0.211304
vt 0.958984 0.270752
vt 0.961426 0.332764
vt 0.949219 0.394287
vt 0.862305 0.406006
vt 0.923340 0.452393
vt 0.842285 0.452393
vt 0.888184 0.505371
vt 0.817871 0.492188
vt 0.835938 0.541016
vt 0.795898 0.518555
vt 0.777344 0.537109
vt 0.792481 0.553711
vt 0.750977 0.560059
vt 0.767090 0.194824
vt 0.815918 0.158936
vt 0.847168 0.176880
vt 0.791992 0.228027
vt 0.791992 0.136719
vt 0.751465 0.159668
vt 0.747070 0.118835
vt 0.784180 0.099915
vt 0.782227 0.076477
vt 0.755859 0.082336
vt 0.847168 0.176880
vt 0.861328 0.137695
vt 0.933594 0.112610
vt 0.827148 0.135132
vt 0.815918 0.158936
vt 0.804199 0.124146
vt 0.791992 0.136719
vt 0.784180 0.099915
vt 0.767090 0.194824
vt 0.791992 0.228149
vt 0.847168 0.177002
vt 0.815918 0.159058
vt 0.791992 0.136719
vt 0.751465 0.159668
vt 0.747070 0.118774
vt 0.784180 0.099976
vt 0.755859 0.082275
vt 0.782227 0.076538
vt 0.861328 0.137695
vt 0.847168 0.177002
vt 0.933594 0.112671
vt 0.827148 0.135254
vt 0.815918 0.159058
vt 0.804199 0.124146
vt 0.791992 0.136719
vt 0.784180 0.099976
vt 0.361816 0.775391
vt 0.427246 0.775391
vt 0.432129 0.809082
vt 0.356934 0.809082
vt 0.365967 0.743164
vt 0.422852 0.743164
vt 0.415772 0.709473
vt 0.373047 0.709473
vt 0.380371 0.679199
vt 0.408935 0.679199
vt 0.381592 0.503906
vt 0.394531 0.492920
vt 0.370850 0.565918
vt 0.418213 0.565918
vt 0.420410 0.593750
vt 0.368897 0.593750
vt 0.418457 0.614258
vt 0.370605 0.614258
vt 0.414307 0.639648
vt 0.375000 0.639648
vt 0.406250 0.657227
vt 0.383057 0.657227
vt 0.407471 0.503906
vt 0.383057 0.657227
vt 0.406250 0.657227
vt 0.408935 0.679199
vt 0.380371 0.679199
vt 0.729981 0.186768
vt 0.714356 0.174316
vt 0.733887 0.160767
vt 0.739746 0.180054
vt 0.752930 0.209351
vt 0.731445 0.147095
vt 0.702148 0.167358
vt 0.010368 0.959473
vt 0.015579 0.959961
vt 0.015518 0.932129
vt 0.010307 0.932617
vt 0.179688 0.982910
vt 0.233154 0.989258
vt 0.234741 0.945312
vt 0.181396 0.945312
vt 0.283935 0.945312
vt 0.283935 0.992188
vt 0.330566 0.945312
vt 0.331787 0.992676
vt 0.179443 0.908691
vt 0.232910 0.901856
vt 0.283691 0.898926
vt 0.331543 0.897949
vt 0.131226 0.911133
vt 0.131348 0.980469
vt 0.106506 0.979981
vt 0.106384 0.911621
vt 0.087708 0.913574
vt 0.087830 0.978027
vt 0.374023 0.945312
vt 0.378174 0.991699
vt 0.415527 0.945312
vt 0.423096 0.987305
vt 0.377930 0.898926
vt 0.423096 0.902832
vt 0.423584 0.954590
vt 0.486816 0.980957
vt 0.486328 0.975098
vt 0.549316 0.973144
vt 0.533203 0.972168
vt 0.533691 0.917969
vt 0.549805 0.916992
vt 0.611816 0.970703
vt 0.612305 0.920410
vt 0.423340 0.935547
vt 0.486816 0.909668
vt 0.486328 0.915039
vt 0.069031 0.918945
vt 0.039215 0.928223
vt 0.039307 0.963379
vt 0.069153 0.973144
vt 0.015518 0.932129
vt 0.015579 0.959961
vt 0.767090 0.194824
vt 0.791992 0.228027
vt 0.847168 0.176880
vt 0.815918 0.158936
vt 0.791992 0.136719
vt 0.751465 0.159668
vt 0.747070 0.118835
vt 0.784180 0.099915
vt 0.782227 0.076477
vt 0.755859 0.082336
vt 0.861328 0.137695
vt 0.847168 0.176880
vt 0.933594 0.112610
vt 0.827148 0.135132
vt 0.815918 0.158936
vt 0.804199 0.124146
vt 0.791992 0.136719
vt 0.784180 0.099915
vt 0.767090 0.194824
vt 0.815918 0.159058
vt 0.847168 0.177002
vt 0.791992 0.228149
vt 0.791992 0.136719
vt 0.751465 0.159668
vt 0.747070 0.118774
vt 0.784180 0.099976
vt 0.755859 0.082275
vt 0.782227 0.076538
vt 0.847168 0.177002
vt 0.861328 0.137695
vt 0.933594 0.112671
vt 0.827148 0.135254
vt 0.815918 0.159058
vt 0.804199 0.124146
vt 0.791992 0.136719
vt 0.784180 0.099976
vt 0.361816 0.775391
vt 0.356934 0.809082
vt 0.432129 0.809082
vt 0.427246 0.775391
vt 0.365967 0.743164
vt 0.422852 0.743164
vt 0.415772 0.709473
vt 0.373047 0.709473
vt 0.380371 0.679199
vt 0.408935 0.679199
vt 0.394531 0.492920
vt 0.381592 0.503906
vt 0.370850 0.565918
vt 0.418213 0.565918
vt 0.420410 0.593750
vt 0.368897 0.593750
vt 0.418457 0.614258
vt 0.370605 0.614258
vt 0.414307 0.639648
vt 0.375000 0.639648
vt 0.406250 0.657227
vt 0.383057 0.657227
vt 0.407471 0.503906
vt 0.383057 0.657227
vt 0.380371 0.679199
vt 0.408935 0.679199
vt 0.406250 0.657227
vt 0.739746 0.180054
vt 0.729981 0.186768
vt 0.714356 0.174316
vt 0.733887 0.160767
vt 0.752930 0.209351
vt 0.702148 0.167358
vt 0.731445 0.147095
vt 0.010368 0.959473
vt 0.010307 0.932617
vt 0.015518 0.932129
vt 0.015579 0.959961
vt 0.179688 0.982910
vt 0.181396 0.945312
vt 0.234741 0.945312
vt 0.233154 0.989258
vt 0.283935 0.945312
vt 0.283935 0.992188
vt 0.330566 0.945312
vt 0.331787 0.992676
vt 0.179443 0.908691
vt 0.232910 0.901856
vt 0.283691 0.898926
vt 0.331543 0.897949
vt 0.131226 0.911133
vt 0.131348 0.980469
vt 0.374023 0.945312
vt 0.378174 0.991699
vt 0.415527 0.945312
vt 0.423096 0.987305
vt 0.377930 0.898926
vt 0.423096 0.902832
vt 0.423584 0.954590
vt 0.486816 0.980957
vt 0.486328 0.975098
vt 0.549316 0.973144
vt 0.533203 0.972168
vt 0.533691 0.917969
vt 0.549805 0.916992
vt 0.611816 0.970703
vt 0.612305 0.920410
vt 0.423340 0.935547
vt 0.486816 0.909668
vt 0.486328 0.915039
vt 0.087830 0.978027
vt 0.087708 0.913574
vt 0.106384 0.911621
vt 0.106506 0.979981
vt 0.069031 0.918945
vt 0.069153 0.973144
vt 0.039307 0.963379
vt 0.039215 0.928223
vt 0.015518 0.932129
vt 0.015579 0.959961
vt 0.841309 0.211304
vt 0.942383 0.211670
vt 0.912598 0.159546
vt 0.942383 0.211670
vt 0.841309 0.211304
vt 0.912598 0.159546
vt 0.942383 0.211670
vt 0.841309 0.211304
vt 0.912598 0.159546
vt 0.874023 0.782227
vt 0.933106 0.773438
vt 0.888184 0.797852
vt 0.870117 0.772949
vt 0.924316 0.755371
vt 0.910644 0.805664
vt 0.935547 0.803711
vt 0.951172 0.792481
vt 0.880859 0.737793
vt 0.924316 0.720703
vt 0.894531 0.701660
vt 0.938965 0.681641
vt 0.923340 0.636719
vt 0.777344 0.802734
vt 0.756348 0.787598
vt 0.761231 0.772949
vt 0.780273 0.770996
vt 0.753906 0.778320
vt 0.802246 0.808594
vt 0.812012 0.757324
vt 0.828613 0.805176
vt 0.854004 0.793457
vt 0.839844 0.732422
vt 0.870117 0.772949
vt 0.880859 0.737793
vt 0.855957 0.698731
vt 0.894531 0.701660
vt 0.861816 0.656250
vt 0.923340 0.636719
vt 0.852051 0.625000
vt 0.876953 0.609863
vt 0.897461 0.593262
vt 0.948731 0.587891
vt 0.929199 0.550781
vt 0.973633 0.548828
vt 0.952637 0.510254
vt 0.956055 0.506836
vt 0.933106 0.773438
vt 0.874023 0.782227
vt 0.888184 0.797852
vt 0.870117 0.772949
vt 0.924316 0.755371
vt 0.910644 0.805664
vt 0.935547 0.803711
vt 0.951172 0.792481
vt 0.880859 0.737793
vt 0.924316 0.720703
vt 0.894531 0.701660
vt 0.938965 0.681641
vt 0.923340 0.636719
vt 0.950195 0.661133
vt 0.948731 0.587891
vt 0.972168 0.631836
vt 0.993164 0.603516
vt 0.973633 0.548828
vt 0.777344 0.802734
vt 0.780273 0.770996
vt 0.761231 0.772949
vt 0.756348 0.787598
vt 0.753906 0.778320
vt 0.802246 0.808594
vt 0.812012 0.757324
vt 0.828613 0.805176
vt 0.854004 0.793457
vt 0.839844 0.732422
vt 0.870117 0.772949
vt 0.880859 0.737793
vt 0.855957 0.698731
vt 0.894531 0.701660
vt 0.861816 0.656250
vt 0.923340 0.636719
vt 0.852051 0.625000
vt 0.876953 0.609863
vt 0.897461 0.593262
vt 0.948731 0.587891
vt 0.929199 0.550781
vt 0.973633 0.548828
vt 0.952637 0.510254
vt 0.956055 0.506836
vt 0.078308 0.695312
vt 0.068726 0.759766
vt 0.026886 0.760254
vt 0.015472 0.696289
vt 0.077271 0.638672
vt 0.014824 0.639648
vt 0.071716 0.583008
vt 0.018768 0.583496
vt 0.066467 0.531250
vt 0.022507 0.532227
vt 0.062103 0.502441
vt 0.026031 0.502930
vt 0.053589 0.492432
vt 0.034241 0.492676
vt 0.048462 0.804199
vt 0.429443 0.164062
vt 0.418701 0.166138
vt 0.418701 0.180176
vt 0.429443 0.182007
vt 0.457275 0.161377
vt 0.457275 0.184448
vt 0.485352 0.158814
vt 0.485352 0.186768
vt 0.514160 0.156494
vt 0.514160 0.188721
vt 0.544434 0.154053
vt 0.544434 0.190918
vt 0.572266 0.150269
vt 0.572266 0.194214
vt 0.583008 0.151489
vt 0.572266 0.150269
vt 0.572266 0.194214
vt 0.583008 0.192871
vt 0.605957 0.154419
vt 0.605957 0.189819
vt 0.631348 0.159790
vt 0.631348 0.183960
vt 0.657715 0.166504
vt 0.657715 0.177002
vt 0.678711 0.171631
vt 0.972168 0.631836
vt 0.950195 0.661133
vt 0.923340 0.636719
vt 0.948731 0.587891
vt 0.993164 0.603516
vt 0.973633 0.548828
vt 0.938965 0.681641
vt 0.933106 0.773438
vt 0.874023 0.782227
vt 0.888184 0.797852
vt 0.870117 0.772949
vt 0.924316 0.755371
vt 0.910644 0.805664
vt 0.935547 0.803711
vt 0.951172 0.792481
vt 0.880859 0.737793
vt 0.924316 0.720703
vt 0.894531 0.701660
vt 0.938965 0.681641
vt 0.923340 0.636719
vt 0.777344 0.802734
vt 0.780273 0.770996
vt 0.761231 0.772949
vt 0.756348 0.787598
vt 0.753906 0.778320
vt 0.802246 0.808594
vt 0.812012 0.757324
vt 0.828613 0.805176
vt 0.854004 0.793457
vt 0.839844 0.732422
vt 0.870117 0.772949
vt 0.880859 0.737793
vt 0.855957 0.698731
vt 0.894531 0.701660
vt 0.861816 0.656250
vt 0.923340 0.636719
vt 0.852051 0.625000
vt 0.876953 0.609863
vt 0.897461 0.593262
vt 0.948731 0.587891
vt 0.929199 0.550781
vt 0.973633 0.548828
vt 0.952637 0.510254
vt 0.956055 0.506836
vt 0.874023 0.782227
vt 0.933106 0.773438
vt 0.888184 0.797852
vt 0.870117 0.772949
vt 0.924316 0.755371
vt 0.910644 0.805664
vt 0.935547 0.803711
vt 0.951172 0.792481
vt 0.880859 0.737793
vt 0.924316 0.720703
vt 0.894531 0.701660
vt 0.938965 0.681641
vt 0.923340 0.636719
vt 0.950195 0.661133
vt 0.948731 0.587891
vt 0.972168 0.631836
vt 0.993164 0.603516
vt 0.973633 0.548828
vt 0.777344 0.802734
vt 0.756348 0.787598
vt 0.761231 0.772949
vt 0.780273 0.770996
vt 0.753906 0.778320
vt 0.802246 0.808594
vt 0.812012 0.757324
vt 0.828613 0.805176
vt 0.854004 0.793457
vt 0.839844 0.732422
vt 0.870117 0.772949
vt 0.880859 0.737793
vt 0.855957 0.698731
vt 0.894531 0.701660
vt 0.861816 0.656250
vt 0.923340 0.636719
vt 0.852051 0.625000
vt 0.876953 0.609863
vt 0.897461 0.593262
vt 0.948731 0.587891
vt 0.929199 0.550781
vt 0.973633 0.548828
vt 0.952637 0.510254
vt 0.956055 0.506836
vt 0.015472 0.696289
vt 0.078308 0.695312
vt 0.068726 0.759766
vt 0.026886 0.760254
vt 0.014824 0.639648
vt 0.077271 0.638672
vt 0.018768 0.583496
vt 0.071716 0.583008
vt 0.022507 0.532227
vt 0.066467 0.531250
vt 0.026031 0.502930
vt 0.062103 0.502441
vt 0.034241 0.492676
vt 0.053589 0.492432
vt 0.048462 0.804199
vt 0.429443 0.182007
vt 0.429443 0.164062
vt 0.418701 0.166138
vt 0.418701 0.180176
vt 0.457275 0.184448
vt 0.457275 0.161377
vt 0.485352 0.186768
vt 0.485352 0.158814
vt 0.514160 0.188721
vt 0.514160 0.156494
vt 0.544434 0.190918
vt 0.544434 0.154053
vt 0.572266 0.194214
vt 0.572266 0.150269
vt 0.583008 0.192871
vt 0.583008 0.151489
vt 0.572266 0.150269
vt 0.572266 0.194214
vt 0.605957 0.189819
vt 0.605957 0.154419
vt 0.631348 0.183960
vt 0.631348 0.159790
vt 0.657715 0.177002
vt 0.657715 0.166504
vt 0.678711 0.171631
vt 0.972168 0.631836
vt 0.948731 0.587891
vt 0.923340 0.636719
vt 0.950195 0.661133
vt 0.993164 0.603516
vt 0.973633 0.548828
vt 0.938965 0.681641
vt 0.273926 0.825195
vt 0.324463 0.825195
vt 0.324463 0.885254
vt 0.273926 0.885254
vt 0.375000 0.885254
vt 0.375000 0.825195
vt 0.415283 0.885254
vt 0.415283 0.825195
vt 0.236694 0.156250
vt 0.288330 0.156250
vt 0.288330 0.185669
vt 0.236694 0.185669
vt 0.340332 0.185669
vt 0.340332 0.156250
vt 0.386475 0.156250
vt 0.386475 0.185669
vt 0.288330 0.156250
vt 0.236694 0.156250
vt 0.236694 0.185669
vt 0.288330 0.185669
vt 0.340332 0.185669
vt 0.340332 0.156250
vt 0.386475 0.156250
vt 0.386475 0.185669
vt 0.415283 0.825195
vt 0.444580 0.818848
vt 0.444580 0.892090
vt 0.415283 0.885254
vt 0.138306 0.053528
vt 0.138306 0.017136
vt 0.207520 0.017288
vt 0.207520 0.074463
vt 0.138306 0.090210
vt 0.138306 0.119080
vt 0.207520 0.132202
vt 0.015915 0.132202
vt 0.085144 0.119080
vt 0.207520 0.182739
vt 0.015915 0.182739
vt 0.207520 0.230713
vt 0.015915 0.230713
vt 0.207520 0.279297
vt 0.015915 0.279297
vt 0.207520 0.328369
vt 0.015915 0.328369
vt 0.207520 0.377197
vt 0.015915 0.377197
vt 0.207520 0.425293
vt 0.015915 0.425293
vt 0.207520 0.473389
vt 0.015915 0.473389
vt 0.015915 0.074463
vt 0.085144 0.090210
vt 0.085144 0.053528
vt 0.015915 0.017288
vt 0.085144 0.017136
vt 0.287109 0.027298
vt 0.287109 0.062866
vt 0.239258 0.062866
vt 0.239258 0.027298
vt 0.348145 0.062866
vt 0.348145 0.027298
vt 0.408447 0.062866
vt 0.408447 0.027298
vt 0.471191 0.062866
vt 0.471191 0.027298
vt 0.535644 0.062866
vt 0.535644 0.027298
vt 0.599609 0.062866
vt 0.599609 0.027298
vt 0.658203 0.062866
vt 0.658203 0.027298
vt 0.708984 0.062866
vt 0.708984 0.027298
vt 0.750000 0.062866
vt 0.750000 0.027298
vt 0.593262 0.208618
vt 0.650391 0.374268
vt 0.652832 0.199219
vt 0.539551 0.236694
vt 0.497803 0.281494
vt 0.473877 0.338379
vt 0.469482 0.398926
vt 0.484863 0.457031
vt 0.519043 0.506348
vt 0.578125 0.546387
vt 0.647949 0.561035
vt 0.712402 0.210205
vt 0.765137 0.239868
vt 0.805664 0.285889
vt 0.828125 0.343262
vt 0.831055 0.403809
vt 0.813965 0.461426
vt 0.778320 0.509766
vt 0.718262 0.548340
vt 0.273926 0.825195
vt 0.273926 0.885254
vt 0.324463 0.885254
vt 0.324463 0.825195
vt 0.375000 0.885254
vt 0.375000 0.825195
vt 0.415283 0.885254
vt 0.415283 0.825195
vt 0.236694 0.156250
vt 0.236694 0.185669
vt 0.288330 0.185669
vt 0.288330 0.156250
vt 0.340332 0.185669
vt 0.340332 0.156250
vt 0.386475 0.156250
vt 0.386475 0.185669
vt 0.288330 0.156250
vt 0.288330 0.185669
vt 0.236694 0.185669
vt 0.236694 0.156250
vt 0.340332 0.185669
vt 0.340332 0.156250
vt 0.386475 0.156250
vt 0.386475 0.185669
vt 0.415283 0.825195
vt 0.415283 0.885254
vt 0.444580 0.892090
vt 0.444580 0.818848
vt 0.138306 0.017136
vt 0.138306 0.053528
vt 0.207520 0.017288
vt 0.207520 0.074463
vt 0.138306 0.090210
vt 0.138306 0.119080
vt 0.207520 0.132202
vt 0.015915 0.132202
vt 0.207520 0.182739
vt 0.015915 0.182739
vt 0.207520 0.230713
vt 0.015915 0.230713
vt 0.207520 0.279297
vt 0.015915 0.279297
vt 0.207520 0.328369
vt 0.015915 0.328369
vt 0.085144 0.119080
vt 0.207520 0.377197
vt 0.015915 0.377197
vt 0.207520 0.425293
vt 0.015915 0.425293
vt 0.207520 0.473389
vt 0.015915 0.473389
vt 0.015915 0.074463
vt 0.085144 0.090210
vt 0.085144 0.053528
vt 0.015915 0.017288
vt 0.085144 0.017136
vt 0.287109 0.027298
vt 0.239258 0.027298
vt 0.239258 0.062866
vt 0.287109 0.062866
vt 0.348145 0.062866
vt 0.348145 0.027298
vt 0.408447 0.062866
vt 0.408447 0.027298
vt 0.471191 0.062866
vt 0.471191 0.027298
vt 0.535644 0.062866
vt 0.535644 0.027298
vt 0.599609 0.062866
vt 0.599609 0.027298
vt 0.658203 0.062866
vt 0.658203 0.027298
vt 0.708984 0.062866
vt 0.708984 0.027298
vt 0.750000 0.062866
vt 0.750000 0.027298
vt 0.287109 0.027298
vt 0.239258 0.027298
vt 0.239258 0.062866
vt 0.287109 0.062866
vt 0.348145 0.062866
vt 0.348145 0.027298
vt 0.408447 0.062866
vt 0.408447 0.027298
vt 0.471191 0.062866
vt 0.471191 0.027298
vt 0.535644 0.062866
vt 0.535644 0.027298
vt 0.599609 0.062866
vt 0.599609 0.027298
vt 0.658203 0.062866
vt 0.658203 0.027298
vt 0.708984 0.062866
vt 0.708984 0.027298
vt 0.750000 0.062866
vt 0.750000 0.027298
vt 0.650391 0.374268
vt 0.593262 0.208618
vt 0.652832 0.199219
vt 0.539551 0.236694
vt 0.497803 0.281494
vt 0.473877 0.338379
vt 0.469482 0.398926
vt 0.484863 0.457031
vt 0.519043 0.506348
vt 0.578125 0.546387
vt 0.647949 0.561035
vt 0.712402 0.210205
vt 0.765137 0.239868
vt 0.805664 0.285889
vt 0.828125 0.343262
vt 0.831055 0.403809
vt 0.813965 0.461426
vt 0.778320 0.509766
vt 0.718262 0.548340
vt 0.287109 0.027298
vt 0.287109 0.062866
vt 0.239258 0.062866
vt 0.239258 0.027298
vt 0.348145 0.062866
vt 0.348145 0.027298
vt 0.408447 0.062866
vt 0.408447 0.027298
vt 0.471191 0.062866
vt 0.471191 0.027298
vt 0.535644 0.062866
vt 0.535644 0.027298
vt 0.599609 0.062866
vt 0.599609 0.027298
vt 0.658203 0.062866
vt 0.658203 0.027298
vt 0.708984 0.062866
vt 0.708984 0.027298
vt 0.750000 0.062866
vt 0.750000 0.027298
vt 0.788574 0.654785
vt 0.781250 0.676758
vt 0.768066 0.718262
vt 0.788574 0.654785
vt 0.781250 0.676758
vt 0.768066 0.718262
vn -0.0000 -0.0593 -0.9982
vn -0.0836 -0.0590 -0.9948
vn 0.0836 -0.0590 -0.9948
vn -0.0836 -0.0590 0.9948
vn -0.0000 -0.0593 0.9982
vn 0.0836 -0.0590 0.9948
vn 0.5000 0.8660 0.0000
vn 0.8660 0.5000 0.0000
vn 0.0000 1.0000 -0.0000
vn 1.0000 -0.0000 0.0000
vn 0.8660 -0.5000 0.0000
vn 0.5000 -0.8660 0.0000
vn 0.0000 -1.0000 0.0000
vn -0.5000 0.8660 0.0000
vn -0.8660 0.5000 0.0000
vn -1.0000 -0.0000 0.0000
vn -0.8660 -0.5000 0.0000
vn -0.5000 -0.8660 0.0000
vn 0.0000 0.0000 -1.0000
vn -0.0000 -0.0000 1.0000
vn -0.5713 0.5892 0.5714
vn -0.5714 0.5892 0.5713
vn -0.7157 0.5741 0.3978
vn -0.7157 0.5740 -0.3977
vn -0.5714 0.5892 -0.5713
vn -0.5713 0.5892 -0.5714
vn -0.7157 0.5741 -0.3978
vn -0.4567 -0.7634 0.4567
vn -0.5845 -0.7491 0.3119
vn -0.5404 0.6450 0.5404
vn -0.6902 0.6272 0.3608
vn 0.0003 1.0000 0.0000
vn -0.0000 1.0000 0.0002
vn 0.0002 1.0000 0.0000
vn -0.0001 1.0000 -0.0002
vn -0.0000 1.0000 -0.0002
vn -0.0006 1.0000 -0.0003
vn -0.0006 1.0000 0.0003
vn 0.0000 1.0000 -0.0003
vn -0.0002 1.0000 0.0001
vn -0.0002 1.0000 0.0000
vn -0.0003 1.0000 0.0006
vn 0.0003 1.0000 0.0006
vn -0.6902 0.6272 -0.3608
vn -0.5404 0.6450 -0.5404
vn -0.5845 -0.7491 -0.3119
vn -0.4567 -0.7634 -0.4567
vn -0.1206 -0.2172 -0.9687
vn -0.2022 -0.3926 -0.8972
vn -0.1706 -0.3334 -0.9272
vn -0.0854 -0.2160 -0.9727
vn -0.1883 -0.4277 -0.8841
vn -0.2652 -0.5306 -0.8051
vn -0.1323 -0.2427 -0.9610
vn 0.0285 -0.2483 -0.9683
vn 0.0095 -0.0911 -0.9958
vn -0.0107 -0.0256 -0.9996
vn -0.0096 -0.0270 -0.9996
vn -0.4140 -0.7171 -0.5606
vn -0.0123 -0.0222 -0.9997
vn -0.0078 -0.0211 -0.9997
vn -0.0065 -0.0254 -0.9997
vn -0.0061 -0.0214 -0.9998
vn -0.0054 -0.0204 -0.9998
vn -0.0050 -0.0211 -0.9998
vn -0.0044 -0.0222 -0.9997
vn -0.0068 -0.0269 -0.9996
vn -0.0022 -0.0162 -0.9999
vn -0.0264 -0.0651 -0.9975
vn 0.0021 -0.0287 -0.9996
vn -0.0748 -0.1446 -0.9867
vn -0.0854 -0.2160 0.9727
vn -0.1707 -0.3334 0.9272
vn -0.1206 -0.2172 0.9686
vn -0.2022 -0.3926 0.8972
vn -0.1883 -0.4272 0.8843
vn -0.2652 -0.5304 0.8052
vn -0.4142 -0.7172 0.5605
vn -0.1320 -0.2420 0.9612
vn 0.0292 -0.2473 0.9685
vn 0.0100 -0.0910 0.9958
vn -0.0106 -0.0257 0.9996
vn -0.0096 -0.0270 0.9996
vn -0.0123 -0.0222 0.9997
vn -0.0078 -0.0211 0.9997
vn -0.0065 -0.0254 0.9997
vn -0.0062 -0.0215 0.9998
vn -0.0054 -0.0204 0.9998
vn -0.0044 -0.0222 0.9997
vn -0.0050 -0.0211 0.9998
vn -0.0068 -0.0269 0.9996
vn -0.0022 -0.0162 0.9999
vn -0.0264 -0.0651 0.9975
vn 0.0021 -0.0287 0.9996
vn -0.0748 -0.1446 0.9867
vn 0.0036 -1.0000 0.0000
vn -0.6545 -0.7560 -0.0000
vn -0.8442 -0.5360 -0.0002
vn -0.8442 -0.5360 0.0000
vn -0.4502 -0.8929 -0.0000
vn -0.5318 -0.8469 0.0000
vn -0.6911 -0.7228 0.0000
vn -0.9158 -0.4016 0.0000
vn 0.4160 0.9093 0.0000
vn -0.7640 -0.6453 0.0000
vn -0.4872 0.8733 -0.0000
vn -0.3986 0.9171 0.0000
vn -0.6676 0.7445 0.0000
vn -0.8693 0.4943 0.0000
vn -0.9652 0.2616 -0.0000
vn -0.9900 0.1414 0.0000
vn 0.2922 -0.9563 0.0000
vn -0.6910 -0.2125 -0.6910
vn -0.9763 -0.2163 -0.0000
vn -0.8946 -0.2715 -0.3549
vn -0.6713 -0.3143 -0.6713
vn -0.7050 -0.5888 -0.3953
vn -0.5539 -0.6216 -0.5539
vn -0.6060 -0.7065 -0.3655
vn -0.4929 -0.7170 -0.4929
vn -0.8946 -0.2715 0.3549
vn -0.3549 -0.2714 -0.8946
vn -0.0000 -0.2162 -0.9763
vn -0.3953 -0.5888 -0.7050
vn -0.3654 -0.7066 -0.6060
vn -0.6910 -0.2125 0.6910
vn -0.6713 -0.3143 0.6713
vn -0.8946 -0.2714 0.3549
vn -0.9763 -0.2162 0.0000
vn -0.7050 -0.5888 0.3953
vn -0.5539 -0.6216 0.5539
vn -0.6060 -0.7066 0.3654
vn -0.4929 -0.7170 0.4929
vn -0.3549 -0.2715 0.8946
vn -0.0000 -0.2163 0.9763
vn -0.3655 -0.7065 0.6060
vn -0.3953 -0.5888 0.7050
vn 0.3549 -0.2715 0.8946
vn -0.5265 -0.6675 0.5265
vn -0.6698 -0.6643 0.3319
vn -0.6686 -0.6642 0.3343
vn -0.7277 -0.6581 0.1932
vn -0.7278 -0.6581 0.1932
vn -0.6698 -0.6642 -0.3319
vn -0.5265 -0.6675 -0.5265
vn -0.6686 -0.6642 -0.3344
vn -0.7278 -0.6580 -0.1933
vn -0.6076 0.5115 0.6076
vn -0.7711 0.5153 0.3739
vn -0.7720 0.5155 0.3720
vn -0.8327 0.5180 0.1956
vn -0.7711 0.5153 -0.3739
vn -0.6076 0.5115 -0.6076
vn -0.7720 0.5155 -0.3720
vn -0.8327 0.5181 -0.1957
vn -0.8327 0.5180 -0.1956
vn -0.0437 -0.9988 0.0232
vn -0.0435 -0.9988 0.0238
vn -0.0350 -0.9988 0.0350
vn -0.0475 -0.9988 0.0118
vn -0.0352 -0.9988 0.0351
vn -0.0458 -0.9989 0.0125
vn -0.0352 -0.9988 -0.0351
vn -0.0350 -0.9988 -0.0350
vn -0.0437 -0.9988 -0.0232
vn -0.0435 -0.9988 -0.0238
vn -0.0475 -0.9988 -0.0118
vn -0.0458 -0.9989 -0.0125
vn -0.0352 0.9992 0.0163
vn -0.0414 0.9991 0.0093
vn -0.0358 0.9992 0.0174
vn -0.0274 0.9993 0.0273
vn -0.0286 0.9992 0.0286
vn -0.0358 0.9992 -0.0174
vn -0.0274 0.9993 -0.0273
vn -0.0286 0.9992 -0.0286
vn -0.0352 0.9992 -0.0163
vn -0.0414 0.9991 -0.0093
vn -0.3978 0.5741 -0.7157
vn 0.3978 0.5741 -0.7157
vn 0.5713 0.5892 -0.5714
vn 0.5714 0.5892 -0.5713
vn -0.3119 -0.7491 -0.5845
vn -0.3608 0.6272 -0.6902
vn -0.0000 1.0000 0.0003
vn 0.0002 1.0000 -0.0001
vn 0.0003 1.0000 -0.0006
vn -0.0003 1.0000 -0.0006
vn -0.0003 1.0000 -0.0000
vn 0.0001 1.0000 0.0002
vn 0.0006 1.0000 0.0003
vn 0.0006 1.0000 -0.0003
vn 0.3608 0.6272 -0.6902
vn 0.5404 0.6450 -0.5404
vn 0.3119 -0.7491 -0.5845
vn 0.4567 -0.7634 -0.4567
vn 0.9687 -0.2172 -0.1206
vn 0.8972 -0.3925 -0.2022
vn 0.9272 -0.3334 -0.1706
vn 0.9727 -0.2160 -0.0854
vn 0.8841 -0.4277 -0.1883
vn 0.8051 -0.5306 -0.2652
vn 0.9610 -0.2427 -0.1323
vn 0.9683 -0.2483 0.0285
vn 0.9958 -0.0911 0.0095
vn 0.9996 -0.0256 -0.0107
vn 0.9996 -0.0270 -0.0096
vn 0.5606 -0.7171 -0.4140
vn 0.9997 -0.0222 -0.0123
vn 0.9997 -0.0211 -0.0078
vn 0.9997 -0.0254 -0.0065
vn 0.9998 -0.0215 -0.0062
vn 0.9998 -0.0204 -0.0054
vn 0.9998 -0.0211 -0.0050
vn 0.9997 -0.0221 -0.0044
vn 0.9996 -0.0268 -0.0068
vn 0.9999 -0.0162 -0.0022
vn 0.9975 -0.0651 -0.0264
vn 0.9996 -0.0287 0.0021
vn 0.9867 -0.1446 -0.0748
vn -0.9727 -0.2160 -0.0854
vn -0.9272 -0.3334 -0.1707
vn -0.9686 -0.2172 -0.1206
vn -0.8972 -0.3925 -0.2022
vn -0.8843 -0.4272 -0.1883
vn -0.8052 -0.5304 -0.2652
vn -0.5605 -0.7172 -0.4142
vn -0.9612 -0.2420 -0.1320
vn -0.9685 -0.2473 0.0291
vn -0.9958 -0.0910 0.0100
vn -0.9996 -0.0257 -0.0106
vn -0.9996 -0.0270 -0.0096
vn -0.9997 -0.0222 -0.0123
vn -0.9997 -0.0211 -0.0078
vn -0.9997 -0.0254 -0.0064
vn -0.9998 -0.0214 -0.0062
vn -0.9998 -0.0204 -0.0054
vn -0.9997 -0.0222 -0.0044
vn -0.9998 -0.0211 -0.0050
vn -0.9996 -0.0268 -0.0068
vn -0.9999 -0.0162 -0.0022
vn -0.9975 -0.0651 -0.0264
vn -0.9996 -0.0287 0.0020
vn -0.9867 -0.1446 -0.0748
vn 0.0000 -1.0000 0.0036
vn 0.0000 -0.7560 -0.6545
vn 0.0002 -0.5360 -0.8442
vn -0.0000 -0.5360 -0.8442
vn 0.0000 -0.8929 -0.4502
vn -0.0000 -0.8469 -0.5318
vn 0.0000 -0.7228 -0.6911
vn 0.0000 -0.4016 -0.9158
vn 0.0000 0.9093 0.4160
vn 0.0000 -0.6453 -0.7640
vn 0.0000 0.8733 -0.4872
vn 0.0000 0.9171 -0.3986
vn -0.0000 0.7445 -0.6676
vn -0.0000 0.4944 -0.8693
vn 0.0000 0.4943 -0.8693
vn 0.0000 0.2616 -0.9652
vn 0.0000 0.1414 -0.9900
vn 0.0000 -0.9563 0.2922
vn 0.6910 -0.2125 -0.6910
vn 0.0000 -0.2163 -0.9763
vn 0.3549 -0.2715 -0.8946
vn 0.6713 -0.3143 -0.6713
vn 0.3953 -0.5888 -0.7050
vn 0.5539 -0.6216 -0.5539
vn 0.3655 -0.7065 -0.6060
vn 0.4929 -0.7170 -0.4929
vn -0.3549 -0.2715 -0.8946
vn 0.8946 -0.2714 -0.3549
vn 0.9763 -0.2162 -0.0000
vn 0.7050 -0.5888 -0.3953
vn 0.6060 -0.7066 -0.3654
vn -0.3319 -0.6643 -0.6698
vn -0.3344 -0.6642 -0.6686
vn -0.1932 -0.6581 -0.7278
vn 0.3319 -0.6642 -0.6698
vn 0.5265 -0.6675 -0.5265
vn 0.3344 -0.6642 -0.6686
vn 0.1933 -0.6580 -0.7278
vn -0.3739 0.5153 -0.7711
vn -0.3720 0.5155 -0.7719
vn -0.1957 0.5181 -0.8327
vn -0.1956 0.5180 -0.8327
vn 0.3739 0.5153 -0.7711
vn 0.6076 0.5115 -0.6076
vn 0.3720 0.5155 -0.7720
vn 0.1956 0.5180 -0.8327
vn -0.0231 -0.9988 -0.0437
vn -0.0238 -0.9988 -0.0435
vn -0.0118 -0.9988 -0.0475
vn -0.0351 -0.9988 -0.0352
vn -0.0125 -0.9989 -0.0458
vn 0.0351 -0.9988 -0.0352
vn 0.0350 -0.9988 -0.0350
vn 0.0231 -0.9988 -0.0437
vn 0.0238 -0.9988 -0.0435
vn 0.0118 -0.9988 -0.0475
vn 0.0125 -0.9989 -0.0458
vn -0.0164 0.9992 -0.0351
vn -0.0093 0.9991 -0.0414
vn -0.0174 0.9992 -0.0357
vn -0.0273 0.9993 -0.0274
vn 0.0174 0.9992 -0.0357
vn 0.0273 0.9993 -0.0274
vn 0.0286 0.9992 -0.0286
vn 0.0163 0.9992 -0.0352
vn 0.0093 0.9991 -0.0414
vn 0.5714 0.5892 0.5713
vn 0.5713 0.5892 0.5714
vn 0.3978 0.5741 0.7157
vn -0.3978 0.5741 0.7157
vn 0.4567 -0.7634 0.4567
vn 0.3119 -0.7491 0.5845
vn 0.5404 0.6450 0.5404
vn 0.3608 0.6272 0.6902
vn -0.3608 0.6272 0.6902
vn -0.3119 -0.7491 0.5845
vn -0.9687 -0.2172 0.1206
vn -0.8972 -0.3925 0.2022
vn -0.9272 -0.3334 0.1706
vn -0.9727 -0.2160 0.0854
vn -0.8841 -0.4277 0.1883
vn -0.8051 -0.5306 0.2652
vn -0.9610 -0.2427 0.1323
vn -0.9683 -0.2483 -0.0285
vn -0.9958 -0.0911 -0.0095
vn -0.9996 -0.0256 0.0107
vn -0.9996 -0.0270 0.0096
vn -0.5606 -0.7171 0.4140
vn -0.9997 -0.0222 0.0123
vn -0.9997 -0.0211 0.0078
vn -0.9997 -0.0254 0.0065
vn -0.9998 -0.0215 0.0062
vn -0.9998 -0.0204 0.0054
vn -0.9998 -0.0211 0.0050
vn -0.9997 -0.0221 0.0044
vn -0.9996 -0.0268 0.0068
vn -0.9999 -0.0162 0.0022
vn -0.9975 -0.0651 0.0264
vn -0.9996 -0.0287 -0.0021
vn -0.9867 -0.1446 0.0748
vn 0.9727 -0.2160 0.0854
vn 0.9272 -0.3334 0.1707
vn 0.9686 -0.2172 0.1206
vn 0.8972 -0.3925 0.2022
vn 0.8843 -0.4272 0.1883
vn 0.8052 -0.5304 0.2652
vn 0.5605 -0.7172 0.4142
vn 0.9612 -0.2420 0.1320
vn 0.9685 -0.2473 -0.0291
vn 0.9958 -0.0910 -0.0100
vn 0.9996 -0.0257 0.0106
vn 0.9996 -0.0270 0.0096
vn 0.9997 -0.0222 0.0123
vn 0.9997 -0.0211 0.0078
vn 0.9997 -0.0254 0.0064
vn 0.9998 -0.0214 0.0062
vn 0.9998 -0.0204 0.0054
vn 0.9997 -0.0222 0.0044
vn 0.9998 -0.0211 0.0050
vn 0.9996 -0.0268 0.0068
vn 0.9999 -0.0162 0.0022
vn 0.9975 -0.0651 0.0264
vn 0.9996 -0.0287 -0.0020
vn 0.9867 -0.1446 0.0748
vn 0.0000 -1.0000 -0.0036
vn -0.0000 -0.7560 0.6545
vn -0.0002 -0.5360 0.8442
vn 0.0000 -0.5360 0.8442
vn -0.0000 -0.8929 0.4502
vn 0.0000 -0.8469 0.5318
vn 0.0000 -0.7228 0.6911
vn 0.0000 -0.4016 0.9158
vn 0.0000 0.9093 -0.4160
vn 0.0000 -0.6453 0.7640
vn -0.0000 0.8733 0.4872
vn 0.0000 0.9171 0.3986
vn 0.0000 0.7445 0.6676
vn 0.0000 0.4944 0.8693
vn -0.0000 0.4943 0.8693
vn -0.0000 0.2616 0.9652
vn 0.0000 0.1414 0.9900
vn 0.0000 -0.9563 -0.2922
vn 0.6910 -0.2125 0.6910
vn 0.6713 -0.3143 0.6713
vn 0.3549 -0.2714 0.8946
vn 0.0000 -0.2162 0.9763
vn 0.3953 -0.5888 0.7050
vn 0.5539 -0.6216 0.5539
vn 0.3654 -0.7066 0.6060
vn 0.4929 -0.7170 0.4929
vn 0.8946 -0.2715 0.3549
vn 0.9763 -0.2163 0.0000
vn 0.6060 -0.7065 0.3655
vn 0.7050 -0.5888 0.3953
vn 0.8946 -0.2715 -0.3549
vn 0.5265 -0.6675 0.5265
vn 0.3319 -0.6643 0.6698
vn 0.3344 -0.6642 0.6686
vn 0.1932 -0.6581 0.7278
vn -0.3319 -0.6642 0.6698
vn -0.3344 -0.6642 0.6686
vn -0.1933 -0.6580 0.7278
vn 0.6076 0.5115 0.6076
vn 0.3739 0.5153 0.7711
vn 0.3720 0.5155 0.7720
vn 0.1957 0.5181 0.8327
vn 0.1956 0.5180 0.8327
vn -0.3739 0.5153 0.7711
vn -0.3720 0.5155 0.7720
vn -0.1956 0.5180 0.8327
vn 0.0231 -0.9988 0.0437
vn 0.0238 -0.9988 0.0435
vn 0.0350 -0.9988 0.0350
vn 0.0118 -0.9988 0.0475
vn 0.0351 -0.9988 0.0352
vn 0.0125 -0.9989 0.0458
vn -0.0351 -0.9988 0.0352
vn -0.0231 -0.9988 0.0437
vn -0.0238 -0.9988 0.0435
vn -0.0118 -0.9988 0.0475
vn -0.0125 -0.9989 0.0458
vn 0.0164 0.9992 0.0351
vn 0.0093 0.9991 0.0414
vn 0.0174 0.9992 0.0357
vn 0.0273 0.9993 0.0274
vn 0.0286 0.9992 0.0286
vn -0.0174 0.9992 0.0357
vn -0.0273 0.9993 0.0274
vn -0.0163 0.9992 0.0352
vn -0.0093 0.9991 0.0414
vn 0.7157 0.5741 -0.3978
vn 0.7157 0.5740 0.3977
vn 0.7157 0.5741 0.3978
vn 0.5845 -0.7491 -0.3119
vn 0.6902 0.6272 -0.3608
vn 0.6902 0.6272 0.3608
vn 0.5845 -0.7491 0.3119
vn 0.1206 -0.2172 0.9687
vn 0.2022 -0.3926 0.8972
vn 0.1706 -0.3334 0.9272
vn 0.0854 -0.2160 0.9727
vn 0.1883 -0.4277 0.8841
vn 0.2652 -0.5306 0.8051
vn 0.1323 -0.2427 0.9610
vn -0.0285 -0.2483 0.9683
vn -0.0095 -0.0911 0.9958
vn 0.0107 -0.0256 0.9996
vn 0.0096 -0.0270 0.9996
vn 0.4140 -0.7171 0.5606
vn 0.0123 -0.0222 0.9997
vn 0.0078 -0.0211 0.9997
vn 0.0065 -0.0254 0.9997
vn 0.0061 -0.0214 0.9998
vn 0.0054 -0.0204 0.9998
vn 0.0050 -0.0211 0.9998
vn 0.0044 -0.0222 0.9997
vn 0.0068 -0.0269 0.9996
vn 0.0022 -0.0162 0.9999
vn 0.0264 -0.0651 0.9975
vn -0.0021 -0.0287 0.9996
vn 0.0748 -0.1446 0.9867
vn 0.0854 -0.2160 -0.9727
vn 0.1707 -0.3334 -0.9272
vn 0.1206 -0.2172 -0.9686
vn 0.2022 -0.3926 -0.8972
vn 0.1883 -0.4272 -0.8843
vn 0.2652 -0.5304 -0.8052
vn 0.4142 -0.7172 -0.5605
vn 0.1320 -0.2420 -0.9612
vn -0.0292 -0.2473 -0.9685
vn -0.0100 -0.0910 -0.9958
vn 0.0106 -0.0257 -0.9996
vn 0.0096 -0.0270 -0.9996
vn 0.0123 -0.0222 -0.9997
vn 0.0078 -0.0211 -0.9997
vn 0.0065 -0.0254 -0.9997
vn 0.0062 -0.0215 -0.9998
vn 0.0054 -0.0204 -0.9998
vn 0.0044 -0.0222 -0.9997
vn 0.0050 -0.0211 -0.9998
vn 0.0068 -0.0269 -0.9996
vn 0.0022 -0.0162 -0.9999
vn 0.0264 -0.0651 -0.9975
vn -0.0021 -0.0287 -0.9996
vn 0.0748 -0.1446 -0.9867
vn -0.0036 -1.0000 0.0000
vn 0.6545 -0.7560 0.0000
vn 0.8442 -0.5360 0.0002
vn 0.8442 -0.5360 -0.0000
vn 0.4502 -0.8929 0.0000
vn 0.5318 -0.8469 -0.0000
vn 0.6911 -0.7228 0.0000
vn 0.9158 -0.4016 0.0000
vn -0.4160 0.9093 0.0000
vn 0.7640 -0.6453 0.0000
vn 0.4872 0.8733 0.0000
vn 0.3986 0.9171 0.0000
vn 0.6676 0.7445 -0.0000
vn 0.8693 0.4943 -0.0000
vn 0.9652 0.2616 -0.0000
vn 0.9900 0.1414 0.0000
vn -0.2922 -0.9563 0.0000
vn 0.6698 -0.6643 -0.3319
vn 0.6686 -0.6642 -0.3343
vn 0.7278 -0.6581 -0.1932
vn 0.6698 -0.6642 0.3319
vn 0.6686 -0.6642 0.3344
vn 0.7278 -0.6580 0.1933
vn 0.7711 0.5153 -0.3739
vn 0.7720 0.5155 -0.3720
vn 0.8327 0.5180 -0.1956
vn 0.7711 0.5153 0.3739
vn 0.7720 0.5155 0.3720
vn 0.8327 0.5181 0.1957
vn 0.8327 0.5180 0.1956
vn 0.0437 -0.9988 -0.0232
vn 0.0435 -0.9988 -0.0238
vn 0.0475 -0.9988 -0.0118
vn 0.0352 -0.9988 -0.0351
vn 0.0458 -0.9989 -0.0125
vn 0.0352 -0.9988 0.0351
vn 0.0437 -0.9988 0.0232
vn 0.0435 -0.9988 0.0238
vn 0.0475 -0.9988 0.0118
vn 0.0458 -0.9989 0.0125
vn 0.0352 0.9992 -0.0163
vn 0.0414 0.9991 -0.0093
vn 0.0358 0.9992 -0.0174
vn 0.0274 0.9993 -0.0273
vn 0.0358 0.9992 0.0174
vn 0.0274 0.9993 0.0273
vn 0.0352 0.9992 0.0163
vn 0.0414 0.9991 0.0093
vn 0.5000 0.0000 -0.8660
vn 0.8660 0.0000 -0.5000
vn -0.5000 0.0000 -0.8660
vn -0.8660 0.0000 -0.5000
vn -1.0000 -0.0001 -0.0000
vn 1.0000 0.0001 -0.0000
vn -0.8660 -0.0000 0.5000
vn -1.0000 0.0001 0.0000
vn -0.5000 -0.0000 0.8660
vn 0.5000 -0.0000 0.8660
vn 0.8660 -0.0000 0.5000
vn 1.0000 -0.0001 0.0000
vn 0.1715 -0.9821 -0.0774
vn 0.1661 -0.9720 -0.1661
vn 0.0774 -0.9821 -0.1715
vn 0.2245 -0.9721 -0.0676
vn 0.2533 -0.9650 -0.0679
vn 0.0676 -0.9721 -0.2245
vn 0.0679 -0.9650 -0.2533
vn -0.0679 -0.9650 -0.2533
vn -0.0676 -0.9721 -0.2245
vn -0.0774 -0.9821 -0.1715
vn -0.1661 -0.9720 -0.1661
vn -0.1715 -0.9821 -0.0774
vn -0.2245 -0.9721 -0.0676
vn -0.2533 -0.9650 -0.0679
vn -0.2533 -0.9650 0.0679
vn -0.2245 -0.9721 0.0676
vn -0.1715 -0.9821 0.0774
vn -0.1661 -0.9720 0.1661
vn -0.0774 -0.9821 0.1715
vn -0.0676 -0.9721 0.2245
vn -0.0679 -0.9650 0.2533
vn 0.0679 -0.9650 0.2533
vn 0.0676 -0.9721 0.2245
vn 0.0774 -0.9821 0.1715
vn 0.1661 -0.9720 0.1661
vn 0.1715 -0.9821 0.0774
vn 0.2245 -0.9721 0.0676
vn 0.2533 -0.9650 0.0679
vn 0.0459 0.9950 -0.0890
vn 0.0684 0.9953 -0.0684
vn 0.0890 0.9950 -0.0459
vn 0.0312 0.9947 -0.0976
vn 0.0976 0.9947 -0.0312
vn 0.1064 0.9939 -0.0285
vn 0.0285 0.9939 -0.1064
vn -0.0460 0.9950 -0.0890
vn -0.0684 0.9953 -0.0684
vn -0.0312 0.9947 -0.0975
vn -0.0890 0.9950 -0.0459
vn -0.0976 0.9947 -0.0312
vn -0.0285 0.9939 -0.1064
vn -0.1064 0.9939 -0.0285
vn -0.0890 0.9950 0.0459
vn -0.0684 0.9953 0.0684
vn -0.0976 0.9947 0.0312
vn -0.0459 0.9950 0.0890
vn -0.0312 0.9947 0.0976
vn -0.1064 0.9939 0.0285
vn -0.0285 0.9939 0.1064
vn 0.0460 0.9950 0.0890
vn 0.0684 0.9953 0.0684
vn 0.0312 0.9947 0.0975
vn 0.0890 0.9950 0.0459
vn 0.0976 0.9947 0.0312
vn 0.1064 0.9939 0.0285
vn 0.0285 0.9939 0.1064
vn 0.2596 0.0000 -0.9657
vn 0.4598 0.0000 -0.8880
vn 0.2597 0.0000 -0.9657
vn -0.2597 0.0000 -0.9657
vn -0.4598 0.0000 -0.8880
vn 0.2417 0.5672 -0.7873
vn 0.3630 0.5757 -0.7327
vn 0.3259 0.6975 -0.6382
vn 0.2139 0.7073 -0.6738
vn -0.0000 0.5660 -0.8244
vn -0.0000 0.7117 -0.7025
vn 0.3913 0.4374 -0.8097
vn 0.2509 0.4409 -0.8618
vn 0.0000 0.4405 -0.8977
vn -0.2417 0.5672 -0.7873
vn -0.2139 0.7073 -0.6738
vn -0.3630 0.5757 -0.7327
vn -0.3913 0.4374 -0.8097
vn -0.2509 0.4409 -0.8618
vn -0.3259 0.6975 -0.6382
vn 0.1142 0.9582 -0.2624
vn 0.0805 0.9593 -0.2705
vn 0.0691 0.9595 -0.2731
vn 0.0000 0.9601 -0.2797
vn -0.0805 0.9594 -0.2704
vn -0.1142 0.9582 -0.2624
vn -0.0691 0.9595 -0.2731
vn 0.2226 0.4079 -0.8854
vn 0.3672 0.3711 -0.8529
vn 0.2308 0.3912 -0.8909
vn 0.0000 0.4137 -0.9104
vn -0.0000 0.3886 -0.9214
vn -0.2226 0.4079 -0.8854
vn -0.2308 0.3912 -0.8909
vn -0.3672 0.3711 -0.8529
vn -0.7071 0.0000 -0.7071
vn -0.5064 0.6980 -0.5064
vn -0.6185 0.5029 -0.6038
vn -0.6036 0.5034 -0.6182
vn -0.6525 0.3855 -0.6524
vn -0.8292 0.3582 -0.4290
vn -0.6541 0.3799 -0.6541
vn -0.4295 0.3584 -0.8289
vn -0.9313 0.3643 0.0024
vn -0.9586 0.2845 0.0145
vn 0.0000 0.3676 -0.9300
vn 0.0000 0.2845 -0.9587
vn -0.9356 0.2969 0.1913
vn -0.9251 0.2800 0.2565
vn -0.8451 0.2492 0.4731
vn -0.8367 0.1969 0.5110
vn -0.8290 0.3094 0.4659
vn -0.8150 0.3912 0.4274
vn -0.8811 -0.0000 0.4729
vn 0.8811 -0.0000 0.4729
vn 0.9251 0.2800 0.2565
vn 0.9356 0.2969 0.1912
vn 0.9356 0.2969 0.1913
vn 0.8451 0.2491 0.4731
vn 0.8367 0.1969 0.5110
vn 0.8290 0.3094 0.4659
vn 0.8150 0.3912 0.4274
vn -0.0000 0.9496 -0.3133
vn -0.0604 0.9479 -0.3127
vn -0.0605 0.9479 -0.3128
vn 0.0604 0.9479 -0.3128
vn 0.0604 0.9479 -0.3127
vn 0.7007 0.1343 -0.7007
vn -0.0000 0.1343 -0.9909
vn 0.9909 0.1343 0.0000
vn -0.7007 0.1343 -0.7007
vn -0.9909 0.1343 0.0000
vn 0.4291 0.3583 -0.8292
vn 0.6541 0.3799 -0.6541
vn 0.6525 0.3855 -0.6525
vn 0.8290 0.3582 -0.4295
vn 0.9313 0.3643 0.0024
vn 0.9586 0.2845 0.0144
vn 0.6036 0.5034 -0.6182
vn 0.6185 0.5029 -0.6038
vn 0.5064 0.6980 -0.5064
vn -0.9672 -0.0014 -0.2540
vn -0.8889 -0.0035 -0.4581
vn -0.8878 -0.0063 -0.4602
vn -0.9674 -0.0000 -0.2531
vn -0.9651 0.0000 0.2619
vn -0.9652 0.0011 0.2615
vn -0.8806 0.0041 0.4739
vn -0.8818 0.0073 0.4715
vn -0.7874 0.5695 -0.2360
vn -0.7313 0.5783 -0.3615
vn -0.6376 0.7006 -0.3203
vn -0.6744 0.7087 -0.2072
vn -0.8244 0.5660 0.0000
vn -0.7025 0.7117 -0.0000
vn -0.8061 0.4421 -0.3933
vn -0.8619 0.4429 -0.2467
vn -0.8977 0.4405 -0.0000
vn -0.7856 0.5681 0.2452
vn -0.6735 0.7068 0.2162
vn -0.7273 0.5733 0.3772
vn -0.8006 0.4405 0.4062
vn -0.8596 0.4428 0.2551
vn -0.6344 0.6950 0.3383
vn -0.2655 0.9570 -0.1170
vn -0.2724 0.9588 -0.0808
vn -0.2745 0.9591 -0.0692
vn -0.2797 0.9601 -0.0000
vn -0.2750 0.9578 0.0830
vn -0.2706 0.9550 0.1216
vn -0.2764 0.9584 0.0708
vn -0.8854 0.4079 -0.2226
vn -0.8529 0.3711 -0.3672
vn -0.8909 0.3912 -0.2308
vn -0.9104 0.4137 -0.0000
vn -0.9214 0.3886 0.0000
vn -0.8854 0.4079 0.2226
vn -0.8909 0.3912 0.2308
vn -0.8529 0.3711 0.3672
vn -0.7071 -0.0000 0.7071
vn -0.5064 0.6980 0.5064
vn -0.6039 0.5037 0.6177
vn -0.6171 0.5043 0.6041
vn -0.6509 0.3855 0.6540
vn -0.4286 0.3564 0.8303
vn -0.6555 0.3775 0.6541
vn 0.0000 0.3643 0.9313
vn -0.8306 0.3552 0.4288
vn 0.0001 0.2845 0.9587
vn 0.1105 0.3173 0.9419
vn 0.3177 0.3158 0.8941
vn 0.0566 0.3290 0.9426
vn 0.3608 0.2491 0.8988
vn 0.3162 0.3851 0.8670
vn 0.2785 0.4813 0.8311
vn 0.3257 0.0095 0.9454
vn 0.3258 0.0095 0.9454
vn 0.2378 0.0037 -0.9713
vn 0.2379 0.0037 -0.9713
vn 0.1988 0.2983 -0.9335
vn 0.1820 0.3010 -0.9361
vn 0.2442 0.3552 -0.9023
vn 0.2624 0.2874 -0.9211
vn 0.2342 0.4264 -0.8737
vn 0.2099 0.5233 -0.8259
vn -0.3030 0.9530 0.0025
vn -0.2927 0.9542 0.0621
vn -0.3030 0.9530 0.0028
vn -0.3128 0.9479 -0.0604
vn -0.3127 0.9479 -0.0604
vn -0.7007 0.1343 0.7007
vn 0.0000 0.1343 0.9909
vn -0.2527 -0.0019 0.9675
vn -0.4574 -0.0045 0.8892
vn -0.4602 -0.0083 0.8878
vn -0.2522 -0.0000 0.9677
vn 0.2522 -0.0000 0.9677
vn 0.2527 -0.0012 0.9675
vn 0.4574 -0.0045 0.8892
vn 0.4602 -0.0083 0.8878
vn -0.2380 0.5707 0.7859
vn -0.3666 0.5812 0.7265
vn -0.3232 0.7059 0.6303
vn -0.2087 0.7113 0.6712
vn 0.0000 0.5660 0.8244
vn 0.0000 0.7117 0.7025
vn -0.4007 0.4384 0.8045
vn -0.2489 0.4416 0.8620
vn -0.0000 0.4405 0.8977
vn 0.2380 0.5708 0.7859
vn 0.2087 0.7113 0.6712
vn 0.3666 0.5812 0.7265
vn 0.4007 0.4384 0.8045
vn 0.2489 0.4416 0.8620
vn 0.3232 0.7058 0.6304
vn -0.1173 0.9569 0.2658
vn -0.0807 0.9588 0.2726
vn -0.0690 0.9591 0.2746
vn -0.0000 0.9601 0.2797
vn 0.0806 0.9588 0.2726
vn 0.1173 0.9569 0.2658
vn 0.0690 0.9591 0.2746
vn -0.2226 0.4079 0.8854
vn -0.3672 0.3711 0.8529
vn -0.2308 0.3912 0.8909
vn -0.0000 0.4137 0.9104
vn 0.0000 0.3886 0.9214
vn 0.2226 0.4079 0.8854
vn 0.2308 0.3912 0.8909
vn 0.3672 0.3711 0.8529
vn 0.9394 0.3228 -0.1155
vn 0.9070 0.3810 -0.1796
vn 0.9409 0.3249 -0.0959
vn 0.9409 0.3249 -0.0960
vn 0.9302 0.3134 -0.1911
vn 0.8744 0.4500 -0.1813
vn 0.8197 0.5466 -0.1713
vn 0.9787 -0.0131 -0.2050
vn -0.9787 -0.0131 -0.2050
vn -0.9409 0.3248 -0.0963
vn -0.9070 0.3810 -0.1797
vn -0.9394 0.3227 -0.1158
vn -0.9302 0.3134 -0.1911
vn -0.8744 0.4500 -0.1813
vn -0.8197 0.5466 -0.1713
vn 0.0000 0.9530 0.3030
vn 0.0613 0.9512 0.3024
vn -0.0613 0.9512 0.3025
vn 0.7007 0.1343 0.7007
vn 0.4290 0.3564 0.8300
vn 0.6039 0.5037 0.6177
vn 0.6510 0.3855 0.6539
vn 0.6555 0.3774 0.6541
vn 0.0001 0.2846 0.9587
vn 0.8309 0.3552 0.4284
vn 0.9313 0.3643 0.0025
vn 0.6171 0.5043 0.6041
vn 0.5064 0.6980 0.5064
vn 0.9652 0.0016 0.2615
vn 0.8806 0.0041 0.4739
vn 0.8818 0.0073 0.4715
vn 0.9651 -0.0000 0.2619
vn 0.9675 -0.0000 -0.2531
vn 0.9672 -0.0009 -0.2540
vn 0.8889 -0.0035 -0.4581
vn 0.8878 -0.0063 -0.4602
vn 0.7856 0.5681 0.2452
vn 0.7273 0.5733 0.3772
vn 0.6345 0.6950 0.3383
vn 0.6735 0.7068 0.2162
vn 0.8244 0.5660 -0.0000
vn 0.7025 0.7117 0.0000
vn 0.8006 0.4405 0.4062
vn 0.8596 0.4428 0.2551
vn 0.8977 0.4405 0.0000
vn 0.7873 0.5695 -0.2360
vn 0.6744 0.7087 -0.2072
vn 0.7314 0.5783 -0.3615
vn 0.8061 0.4421 -0.3934
vn 0.8619 0.4429 -0.2467
vn 0.6377 0.7006 -0.3203
vn 0.2706 0.9550 0.1216
vn 0.2751 0.9578 0.0830
vn 0.2764 0.9584 0.0708
vn 0.2705 0.9550 0.1216
vn 0.2797 0.9601 0.0000
vn 0.2724 0.9588 -0.0808
vn 0.2655 0.9570 -0.1170
vn 0.2745 0.9591 -0.0692
vn 0.8854 0.4079 0.2226
vn 0.8529 0.3711 0.3672
vn 0.8909 0.3912 0.2308
vn 0.9104 0.4137 0.0000
vn 0.9214 0.3886 -0.0000
vn 0.8854 0.4079 -0.2226
vn 0.8909 0.3912 -0.2308
vn 0.8529 0.3711 -0.3672
vn 0.7071 0.0000 -0.7071
vn -0.1820 0.3010 -0.9361
vn -0.1988 0.2983 -0.9335
vn -0.2442 0.3552 -0.9023
vn -0.1820 0.3009 -0.9361
vn -0.2624 0.2874 -0.9212
vn -0.2342 0.4264 -0.8737
vn -0.2099 0.5233 -0.8259
vn -0.2379 0.0037 -0.9713
vn -0.2378 0.0037 -0.9713
vn -0.3257 0.0095 0.9454
vn -0.1109 0.3173 0.9418
vn -0.0571 0.3289 0.9426
vn -0.3177 0.3158 0.8941
vn -0.3608 0.2490 0.8988
vn -0.3162 0.3851 0.8670
vn -0.2785 0.4814 0.8311
vn -0.2785 0.4813 0.8311
vn 0.3031 0.9530 0.0025
vn 0.3127 0.9479 -0.0604
vn 0.3128 0.9479 -0.0605
vn 0.3030 0.9530 0.0028
vn 0.2927 0.9542 0.0621
vn 0.2928 0.9542 0.0621
vn 0.7071 0.0000 0.7071
vn -0.0000 -0.9499 -0.3124
vn 0.2209 -0.9499 -0.2209
vn 0.3124 -0.9499 0.0000
vn -0.2209 -0.9499 -0.2209
vn -0.3124 -0.9499 -0.0000
vn -0.2209 -0.9499 0.2209
vn 0.0000 -0.9499 0.3124
vn 0.2209 -0.9499 0.2209
vn -0.0000 0.9822 -0.1877
vn 0.1327 0.9822 -0.1327
vn 0.1877 0.9822 -0.0000
vn -0.1327 0.9822 -0.1327
vn -0.1877 0.9822 0.0000
vn -0.1327 0.9822 0.1327
vn 0.0000 0.9822 0.1877
vn 0.1327 0.9822 0.1327
vn 0.5098 0.4392 0.7398
vn 0.4385 0.5356 0.7217
vn 0.4144 0.5417 0.7314
vn 0.5023 0.4682 0.7270
vn 0.5750 0.3560 0.7367
vn 0.5473 0.3682 0.7516
vn 0.5850 0.3367 0.7379
vn 0.6372 0.2812 0.7175
vn 0.6322 0.2887 0.7190
vn 0.7071 0.1636 0.6879
vn 0.3887 0.5547 0.7357
vn 0.2913 0.5560 0.7785
vn 0.2548 0.5432 0.8000
vn -0.0316 0.2500 0.9677
vn -0.0143 0.2916 0.9564
vn -0.0243 0.2678 0.9632
vn -0.0424 0.2236 0.9737
vn -0.0872 0.1480 0.9851
vn -0.0316 0.2501 0.9677
vn -0.0780 0.1707 0.9822
vn -0.1174 0.0969 0.9883
vn -0.1073 0.1049 0.9887
vn -0.1145 0.1086 0.9875
vn -0.1343 0.1453 0.9802
vn -0.1680 0.1730 0.9705
vn -0.1852 0.2004 0.9621
vn -0.2536 0.1839 0.9497
vn -0.2830 0.1641 0.9450
vn -0.3308 0.0853 0.9398
vn -0.3422 0.0266 0.9393
vn -0.3664 -0.0354 0.9298
vn -0.3844 -0.1982 0.9016
vn -0.3962 -0.2236 0.8905
vn -0.3803 -0.3359 0.8617
vn -0.3726 -0.4092 0.8329
vn -0.3291 -0.5372 0.7766
vn -0.2926 -0.5897 0.7527
vn -0.1908 -0.6848 0.7033
vn -0.1577 -0.7013 0.6952
vn -0.0882 -0.7324 0.6751
vn 0.6273 -0.5434 0.5579
vn 0.2836 -0.6881 0.6679
vn 0.3728 -0.6219 0.6886
vn 0.2846 -0.7297 0.6217
vn 0.1268 -0.7533 0.6453
vn 0.1066 -0.7445 0.6590
vn 0.5125 -0.5783 0.6348
vn 0.7630 -0.3277 0.5572
vn 0.8133 -0.3744 0.4454
vn 0.7754 -0.5005 0.3851
vn 0.8380 -0.3475 0.4208
vn 0.8731 -0.3042 0.3809
vn 0.1793 0.4427 0.8786
vn 0.4592 0.4432 0.7699
vn 0.2510 0.4600 0.8517
vn 0.4649 0.4631 0.7546
vn 0.6261 0.3384 0.7024
vn 0.7304 0.3225 0.6021
vn 0.7742 0.3253 0.5430
vn 0.9016 0.0828 0.4246
vn 0.9122 -0.0043 0.4097
vn 0.9227 -0.1314 0.3624
vn 0.8988 -0.2561 0.3557
vn 0.8720 -0.3766 0.3128
vn 0.8281 -0.4602 0.3201
vn 0.7527 -0.5957 0.2803
vn 0.7540 -0.5996 0.2684
vn 0.7088 -0.6514 0.2709
vn -0.1887 0.0735 0.9793
vn -0.1114 0.2509 0.9616
vn -0.2079 0.0394 0.9774
vn -0.1054 0.2602 0.9598
vn -0.1188 0.2833 0.9517
vn -0.5098 0.4392 -0.7398
vn -0.4385 0.5356 -0.7217
vn -0.4144 0.5417 -0.7314
vn -0.5023 0.4682 -0.7270
vn -0.5750 0.3560 -0.7367
vn -0.5473 0.3682 -0.7516
vn -0.5850 0.3367 -0.7379
vn -0.6372 0.2812 -0.7175
vn -0.6322 0.2887 -0.7190
vn -0.7071 0.1636 -0.6879
vn -0.3887 0.5547 -0.7357
vn -0.2913 0.5560 -0.7785
vn -0.2548 0.5432 -0.8000
vn 0.0316 0.2500 -0.9677
vn 0.0143 0.2916 -0.9564
vn 0.0243 0.2678 -0.9632
vn 0.0424 0.2236 -0.9737
vn 0.0872 0.1480 -0.9851
vn 0.0316 0.2501 -0.9677
vn 0.0780 0.1707 -0.9822
vn 0.1107 0.1082 -0.9879
vn 0.1243 0.1304 -0.9836
vn 0.1145 0.1086 -0.9875
vn 0.1680 0.1731 -0.9705
vn 0.1852 0.2005 -0.9620
vn 0.2536 0.1839 -0.9497
vn 0.2830 0.1641 -0.9450
vn 0.3308 0.0853 -0.9398
vn 0.3422 0.0266 -0.9392
vn 0.3664 -0.0354 -0.9298
vn 0.3844 -0.1982 -0.9016
vn 0.3962 -0.2236 -0.8905
vn 0.3803 -0.3359 -0.8617
vn 0.3726 -0.4092 -0.8329
vn 0.3291 -0.5372 -0.7766
vn 0.2926 -0.5897 -0.7527
vn 0.1908 -0.6848 -0.7033
vn 0.1577 -0.7013 -0.6952
vn 0.0882 -0.7324 -0.6751
vn -0.6273 -0.5434 -0.5579
vn -0.2836 -0.6881 -0.6679
vn -0.3728 -0.6219 -0.6886
vn -0.2846 -0.7297 -0.6217
vn -0.1268 -0.7533 -0.6453
vn -0.1066 -0.7445 -0.6590
vn -0.5125 -0.5783 -0.6348
vn -0.7630 -0.3277 -0.5572
vn -0.8133 -0.3744 -0.4454
vn -0.7754 -0.5005 -0.3851
vn -0.8380 -0.3475 -0.4208
vn -0.8731 -0.3042 -0.3809
vn -0.1272 0.4808 -0.8676
vn -0.4592 0.4432 -0.7699
vn -0.4649 0.4631 -0.7546
vn -0.2510 0.4600 -0.8517
vn -0.6261 0.3384 -0.7024
vn -0.7304 0.3225 -0.6021
vn -0.7742 0.3253 -0.5430
vn -0.9016 0.0828 -0.4246
vn -0.9122 -0.0043 -0.4097
vn -0.9227 -0.1314 -0.3624
vn -0.8988 -0.2561 -0.3557
vn -0.8720 -0.3766 -0.3128
vn -0.8281 -0.4602 -0.3201
vn -0.7527 -0.5957 -0.2803
vn -0.7540 -0.5996 -0.2684
vn -0.7088 -0.6514 -0.2709
vn -0.1793 0.4427 -0.8786
vn 0.1887 0.0735 -0.9793
vn 0.1114 0.2509 -0.9616
vn 0.2079 0.0394 -0.9774
vn 0.1054 0.2602 -0.9598
vn 0.1188 0.2833 -0.9517
vn 0.4385 0.5356 -0.7217
vn 0.5098 0.4392 -0.7398
vn 0.4144 0.5417 -0.7314
vn 0.5023 0.4682 -0.7270
vn 0.5750 0.3560 -0.7367
vn 0.5473 0.3682 -0.7516
vn 0.5850 0.3367 -0.7379
vn 0.6372 0.2812 -0.7175
vn 0.6322 0.2887 -0.7190
vn 0.7071 0.1636 -0.6879
vn 0.3887 0.5547 -0.7357
vn 0.2913 0.5560 -0.7785
vn 0.2548 0.5432 -0.8000
vn -0.1054 0.2602 -0.9598
vn -0.1114 0.2509 -0.9616
vn -0.1188 0.2833 -0.9517
vn -0.1887 0.0735 -0.9793
vn -0.2079 0.0394 -0.9774
vn -0.0780 0.1707 -0.9822
vn -0.0439 0.2257 -0.9732
vn -0.0872 0.1480 -0.9851
vn -0.1106 0.1083 -0.9879
vn -0.1243 0.1304 -0.9836
vn -0.1145 0.1086 -0.9875
vn -0.1680 0.1730 -0.9705
vn -0.1852 0.2005 -0.9620
vn -0.2536 0.1839 -0.9497
vn -0.2830 0.1641 -0.9450
vn -0.3308 0.0853 -0.9398
vn -0.3422 0.0266 -0.9392
vn -0.3664 -0.0354 -0.9298
vn -0.3844 -0.1982 -0.9016
vn -0.3962 -0.2236 -0.8905
vn -0.3803 -0.3359 -0.8617
vn -0.3726 -0.4092 -0.8329
vn -0.3291 -0.5372 -0.7766
vn -0.2926 -0.5897 -0.7527
vn -0.1908 -0.6848 -0.7033
vn -0.1577 -0.7013 -0.6952
vn -0.0882 -0.7325 -0.6751
vn 0.3728 -0.6219 -0.6886
vn 0.6273 -0.5434 -0.5579
vn 0.7754 -0.5005 -0.3851
vn 0.8133 -0.3745 -0.4453
vn 0.7630 -0.3277 -0.5572
vn 0.5125 -0.5783 -0.6348
vn 0.8380 -0.3475 -0.4208
vn 0.8731 -0.3042 -0.3809
vn 0.2846 -0.7297 -0.6217
vn 0.2837 -0.6881 -0.6679
vn 0.1272 -0.7535 -0.6450
vn 0.1066 -0.7445 -0.6590
vn 0.2510 0.4600 -0.8517
vn 0.4592 0.4432 -0.7699
vn 0.1793 0.4427 -0.8786
vn 0.4649 0.4631 -0.7546
vn 0.6261 0.3384 -0.7024
vn 0.7304 0.3225 -0.6021
vn 0.7742 0.3253 -0.5430
vn 0.9016 0.0828 -0.4246
vn 0.9122 -0.0043 -0.4097
vn 0.9227 -0.1314 -0.3624
vn 0.8988 -0.2561 -0.3557
vn 0.8720 -0.3766 -0.3128
vn 0.8281 -0.4602 -0.3201
vn 0.7527 -0.5957 -0.2803
vn 0.7540 -0.5996 -0.2684
vn 0.7088 -0.6514 -0.2709
vn -0.4385 0.5356 0.7217
vn -0.5098 0.4392 0.7398
vn -0.4144 0.5417 0.7314
vn -0.5023 0.4682 0.7270
vn -0.5750 0.3560 0.7367
vn -0.5473 0.3682 0.7516
vn -0.5850 0.3367 0.7379
vn -0.6372 0.2812 0.7175
vn -0.6322 0.2887 0.7190
vn -0.7071 0.1636 0.6879
vn -0.3887 0.5547 0.7357
vn -0.2913 0.5560 0.7785
vn -0.2548 0.5432 0.8000
vn 0.1054 0.2602 0.9598
vn 0.1114 0.2509 0.9616
vn 0.1188 0.2833 0.9517
vn 0.1887 0.0735 0.9793
vn 0.2079 0.0394 0.9774
vn 0.0780 0.1707 0.9822
vn 0.0439 0.2257 0.9732
vn 0.0872 0.1480 0.9851
vn 0.1075 0.1135 0.9877
vn 0.1073 0.1049 0.9887
vn 0.1343 0.1453 0.9802
vn 0.1145 0.1086 0.9875
vn 0.1075 0.1134 0.9877
vn 0.1680 0.1730 0.9705
vn 0.1852 0.2006 0.9620
vn 0.2536 0.1839 0.9497
vn 0.2830 0.1641 0.9450
vn 0.3308 0.0853 0.9398
vn 0.3422 0.0266 0.9392
vn 0.3664 -0.0354 0.9298
vn 0.3844 -0.1982 0.9016
vn 0.3962 -0.2236 0.8905
vn 0.3803 -0.3359 0.8617
vn 0.3726 -0.4092 0.8329
vn 0.3291 -0.5372 0.7766
vn 0.2926 -0.5897 0.7527
vn 0.1908 -0.6848 0.7033
vn 0.1577 -0.7013 0.6952
vn 0.0882 -0.7325 0.6751
vn -0.6273 -0.5434 0.5579
vn -0.7754 -0.5005 0.3851
vn -0.3728 -0.6219 0.6886
vn -0.8133 -0.3745 0.4453
vn -0.7630 -0.3277 0.5572
vn -0.5125 -0.5783 0.6348
vn -0.8380 -0.3475 0.4208
vn -0.8731 -0.3042 0.3809
vn -0.2846 -0.7297 0.6217
vn -0.2837 -0.6881 0.6679
vn -0.1272 -0.7535 0.6450
vn -0.1066 -0.7445 0.6590
vn -0.2510 0.4600 0.8517
vn -0.4592 0.4432 0.7699
vn -0.1793 0.4427 0.8786
vn -0.4649 0.4631 0.7546
vn -0.6261 0.3384 0.7024
vn -0.7304 0.3225 0.6021
vn -0.7742 0.3253 0.5430
vn -0.9016 0.0828 0.4246
vn -0.9122 -0.0043 0.4097
vn -0.9227 -0.1314 0.3624
vn -0.8988 -0.2561 0.3557
vn -0.8720 -0.3766 0.3128
vn -0.8281 -0.4602 0.3201
vn -0.7527 -0.5957 0.2803
vn -0.7540 -0.5996 0.2684
vn -0.7088 -0.6514 0.2709
vn -0.0799 -0.0624 -0.9948
vn -0.0741 -0.0773 -0.9943
vn -0.0522 -0.0677 -0.9963
vn -0.0522 -0.0678 -0.9963
vn -0.2260 -0.0809 -0.9708
vn -0.2093 -0.0237 -0.9776
vn -0.3144 -0.0990 -0.9441
vn -0.3484 -0.1168 -0.9300
vn -0.3812 -0.1441 -0.9132
vn -0.3812 -0.1442 -0.9132
vn -0.4290 -0.0761 -0.9001
vn -0.4384 -0.1024 -0.8929
vn -0.4476 -0.1295 -0.8848
vn -0.4084 -0.0485 -0.9115
vn -0.4090 -0.0486 -0.9112
vn -0.3738 -0.0178 -0.9273
vn -0.3756 -0.0231 -0.9265
vn -0.3537 0.0410 -0.9345
vn -0.0800 -0.0660 0.9946
vn -0.0522 -0.0723 0.9960
vn -0.0741 -0.0811 0.9939
vn -0.2260 -0.0809 0.9708
vn -0.2093 -0.0237 0.9776
vn -0.3023 -0.0927 0.9487
vn -0.3335 -0.1045 0.9369
vn -0.3792 -0.1447 0.9139
vn -0.3932 -0.1405 0.9087
vn -0.4442 -0.1077 0.8894
vn -0.4342 -0.0811 0.8972
vn -0.4541 -0.1350 0.8807
vn -0.4077 -0.0501 0.9118
vn -0.4087 -0.0505 0.9113
vn -0.3599 -0.0229 0.9327
vn -0.3619 -0.0258 0.9319
vn -0.3373 0.0095 0.9413
vn 0.7375 -0.6753 0.0000
vn 0.7879 -0.6158 0.0000
vn 0.5363 -0.8440 -0.0000
vn 0.3082 -0.9513 0.0000
vn 0.0852 -0.9964 0.0000
vn -0.8204 -0.5542 0.1405
vn -0.8091 -0.5877 0.0000
vn -0.9135 -0.4069 0.0016
vn -0.9135 -0.4069 -0.0015
vn -0.9978 -0.0663 -0.0010
vn -0.9979 -0.0654 -0.0010
vn -0.9465 0.3228 -0.0029
vn -0.9465 0.3227 -0.0029
vn -0.7647 0.6444 -0.0025
vn -0.7653 0.6437 -0.0024
vn -0.3964 0.9181 0.0000
vn -0.8204 -0.5542 -0.1405
vn -0.8773 -0.4800 0.0000
vn 0.2452 0.9695 0.0000
vn -0.0882 0.9961 -0.0000
vn 0.2453 0.9695 0.0000
vn 0.4499 0.8931 0.0000
vn -0.2285 0.9735 0.0000
vn -0.9999 -0.0138 0.0000
vn -0.8564 0.4279 -0.2891
vn -0.8956 0.3061 -0.3227
vn -0.9465 0.3228 0.0000
vn -0.8744 0.4853 -0.0000
vn -0.9947 0.1025 0.0000
vn -0.9380 0.0947 -0.3333
vn -0.9862 -0.1653 -0.0000
vn -0.9339 -0.1607 -0.3193
vn -0.8564 0.4279 0.2891
vn -0.8956 0.3061 0.3227
vn -0.9381 0.0947 0.3333
vn -0.9339 -0.1607 0.3193
vn -0.7831 0.6211 0.0315
vn -0.7831 0.6211 -0.0315
vn -0.8659 0.5001 -0.0000
vn -0.8659 0.5002 0.0000
vn -0.9781 0.2083 -0.0000
vn -0.9182 -0.3961 -0.0000
vn -0.8738 -0.3862 -0.2957
vn -0.8651 -0.5017 -0.0000
vn -0.7774 -0.5627 -0.2811
vn -0.8738 -0.3861 0.2957
vn -0.7774 -0.5627 0.2811
vn -0.7142 -0.6399 -0.2837
vn -0.5691 -0.7303 -0.3778
vn -0.5217 -0.7366 -0.4305
vn -0.1924 -0.9813 -0.0031
vn -0.3372 -0.9253 -0.1736
vn -0.3358 -0.9255 0.1749
vn -0.1924 -0.9813 0.0031
vn -0.1564 -0.9877 0.0000
vn -0.7142 -0.6398 0.2838
vn -0.5685 -0.7278 0.3835
vn -0.5187 -0.7309 0.4436
vn -0.9891 -0.1475 0.0000
vn -0.8790 -0.4768 0.0000
vn -0.7410 -0.6715 0.0000
vn 0.0799 -0.0624 -0.9948
vn 0.0522 -0.0678 -0.9963
vn 0.0522 -0.0677 -0.9963
vn 0.0741 -0.0773 -0.9943
vn 0.2260 -0.0809 -0.9708
vn 0.2093 -0.0237 -0.9776
vn 0.3144 -0.0990 -0.9441
vn 0.3484 -0.1168 -0.9300
vn 0.3812 -0.1443 -0.9132
vn 0.3812 -0.1442 -0.9132
vn 0.4384 -0.1024 -0.8929
vn 0.4291 -0.0761 -0.9001
vn 0.4476 -0.1295 -0.8848
vn 0.4084 -0.0485 -0.9115
vn 0.4090 -0.0486 -0.9112
vn 0.3738 -0.0178 -0.9273
vn 0.3756 -0.0231 -0.9265
vn 0.3537 0.0410 -0.9345
vn 0.0800 -0.0660 0.9946
vn 0.0741 -0.0811 0.9939
vn 0.0522 -0.0723 0.9960
vn 0.2260 -0.0809 0.9708
vn 0.2093 -0.0237 0.9776
vn 0.3023 -0.0927 0.9487
vn 0.3335 -0.1045 0.9369
vn 0.3792 -0.1447 0.9139
vn 0.3932 -0.1405 0.9087
vn 0.4341 -0.0811 0.8972
vn 0.4442 -0.1077 0.8894
vn 0.4541 -0.1350 0.8807
vn 0.4077 -0.0501 0.9117
vn 0.4087 -0.0505 0.9113
vn 0.3599 -0.0229 0.9327
vn 0.3619 -0.0258 0.9319
vn 0.3373 0.0095 0.9413
vn -0.7375 -0.6753 0.0000
vn -0.7879 -0.6158 0.0000
vn -0.5363 -0.8440 -0.0000
vn -0.3082 -0.9513 0.0000
vn -0.0852 -0.9964 0.0000
vn 0.8091 -0.5877 0.0000
vn 0.8204 -0.5542 0.1405
vn 0.9135 -0.4069 0.0016
vn 0.9135 -0.4069 -0.0015
vn 0.9978 -0.0663 -0.0010
vn 0.9979 -0.0654 -0.0010
vn 0.9465 0.3228 -0.0029
vn 0.9465 0.3227 -0.0029
vn 0.7647 0.6444 -0.0025
vn 0.7653 0.6437 -0.0024
vn 0.3964 0.9181 0.0000
vn 0.8204 -0.5542 -0.1405
vn 0.8773 -0.4800 0.0000
vn -0.2452 0.9695 -0.0000
vn -0.2453 0.9695 -0.0000
vn 0.0882 0.9961 0.0000
vn -0.4499 0.8931 0.0000
vn 0.2285 0.9735 0.0000
vn 0.9999 -0.0138 0.0000
vn 0.8564 0.4279 -0.2891
vn 0.8744 0.4853 -0.0000
vn 0.9465 0.3227 0.0000
vn 0.8956 0.3061 -0.3227
vn 0.9947 0.1025 -0.0000
vn 0.9381 0.0947 -0.3333
vn 0.9862 -0.1653 -0.0000
vn 0.9339 -0.1607 -0.3193
vn 0.8564 0.4279 0.2891
vn 0.8956 0.3061 0.3227
vn 0.9380 0.0947 0.3333
vn 0.9339 -0.1607 0.3193
vn 0.7831 0.6211 0.0315
vn 0.7831 0.6211 -0.0315
vn 0.9182 -0.3961 -0.0000
vn 0.8738 -0.3862 -0.2957
vn 0.8651 -0.5017 0.0000
vn 0.7774 -0.5627 -0.2811
vn 0.8738 -0.3861 0.2957
vn 0.7774 -0.5627 0.2811
vn 0.7142 -0.6399 -0.2837
vn 0.5691 -0.7303 -0.3778
vn 0.5217 -0.7366 -0.4305
vn 0.1924 -0.9813 -0.0031
vn 0.3372 -0.9253 -0.1736
vn 0.3358 -0.9255 0.1749
vn 0.1924 -0.9813 0.0031
vn 0.1564 -0.9877 0.0000
vn 0.7142 -0.6398 0.2838
vn 0.5685 -0.7278 0.3835
vn 0.5187 -0.7309 0.4436
vn 0.9781 0.2083 0.0000
vn 0.8659 0.5002 0.0000
vn 0.8659 0.5003 -0.0000
vn 0.9891 -0.1475 0.0000
vn 0.8790 -0.4768 -0.0000
vn 0.7410 -0.6715 0.0000
vn 0.1272 0.4808 0.8676
vn 0.1272 0.4808 -0.8676
vn -0.1272 0.4808 0.8676
vn -0.3093 -0.0650 -0.9488
vn -0.2803 -0.1591 -0.9466
vn -0.2926 -0.1267 -0.9478
vn -0.4219 0.1122 -0.8997
vn -0.4564 -0.0102 -0.8897
vn -0.2604 -0.1698 -0.9504
vn -0.2124 -0.1866 -0.9592
vn -0.1683 -0.1817 -0.9689
vn -0.5809 0.2866 -0.7618
vn -0.7057 0.2546 -0.6612
vn -0.7360 0.4121 -0.5371
vn -0.7578 0.4444 -0.4777
vn -0.7564 0.4764 -0.4483
vn 0.1437 0.1027 -0.9843
vn 0.1747 0.1113 -0.9783
vn 0.1755 0.1110 -0.9782
vn 0.1181 0.0922 -0.9887
vn 0.7612 -0.1446 -0.6322
vn 0.0881 0.0809 -0.9928
vn 0.0650 0.0772 -0.9949
vn 0.0616 0.0769 -0.9951
vn 0.0666 0.0790 -0.9946
vn 0.0789 0.0397 -0.9961
vn 0.0959 0.0875 -0.9915
vn 0.1180 0.0207 -0.9928
vn 0.1336 -0.1110 -0.9848
vn 0.2225 -0.1158 -0.9680
vn 0.2670 -0.2451 -0.9320
vn 0.3819 -0.3277 -0.8642
vn 0.2715 -0.4605 -0.8451
vn 0.2229 -0.5792 -0.7842
vn 0.4797 -0.4977 -0.7226
vn 0.5795 -0.5125 -0.6337
vn 0.5984 -0.5494 -0.5832
vn -0.0000 -0.6665 -0.7455
vn 0.6057 -0.5109 -0.6100
vn -0.0000 -0.6680 -0.7442
vn -0.2803 -0.1591 0.9466
vn -0.3093 -0.0650 0.9488
vn -0.2927 -0.1266 0.9478
vn -0.4219 0.1122 0.8997
vn -0.4564 -0.0102 0.8897
vn -0.2605 -0.1698 0.9504
vn -0.2124 -0.1866 0.9592
vn -0.1683 -0.1817 0.9689
vn -0.5809 0.2866 0.7618
vn -0.7057 0.2546 0.6612
vn -0.7360 0.4121 0.5371
vn -0.7449 0.4568 0.4863
vn -0.6249 0.4992 0.6003
vn -0.5992 0.5083 0.6186
vn -0.5528 0.4774 0.6830
vn -0.5727 0.4926 0.6553
vn -0.5224 0.4580 0.7192
vn -0.5246 0.4545 0.7199
vn 0.1437 0.1027 0.9843
vn 0.1181 0.0922 0.9887
vn 0.1755 0.1110 0.9782
vn 0.1747 0.1113 0.9783
vn 0.7612 -0.1446 0.6322
vn 0.0881 0.0809 0.9928
vn 0.0651 0.0772 0.9949
vn 0.0616 0.0769 0.9951
vn 0.0667 0.0790 0.9946
vn 0.0789 0.0396 0.9961
vn 0.0960 0.0876 0.9915
vn 0.1180 0.0207 0.9928
vn 0.1336 -0.1110 0.9848
vn 0.2225 -0.1158 0.9680
vn 0.2668 -0.2451 0.9321
vn 0.3819 -0.3277 0.8642
vn 0.2715 -0.4605 0.8451
vn 0.2230 -0.5791 0.7842
vn 0.4797 -0.4977 0.7226
vn 0.5795 -0.5125 0.6337
vn 0.5984 -0.5494 0.5832
vn -0.0000 -0.6665 0.7455
vn 0.6057 -0.5109 0.6100
vn -0.0000 -0.6680 0.7442
vn 0.8983 -0.4393 0.0000
vn 0.9705 -0.2413 -0.0000
vn 0.7498 -0.6617 0.0000
vn 0.4642 -0.8857 0.0000
vn 0.1672 -0.9859 0.0000
vn 0.0908 -0.9959 -0.0000
vn 0.6155 -0.7881 0.0000
vn 0.9985 0.0543 0.0000
vn 0.7793 0.6267 -0.0000
vn 0.9992 -0.0407 0.0000
vn 0.4867 0.8736 -0.0000
vn 0.1316 0.9913 -0.0000
vn -0.2052 0.9787 -0.0000
vn -0.5560 0.8312 0.0000
vn -0.7136 0.7006 0.0000
vn 0.8093 0.5873 0.0000
vn 0.9111 0.4123 0.0000
vn 0.8094 0.5873 -0.0000
vn 0.5760 0.8175 0.0000
vn 0.1863 0.9825 0.0000
vn -0.1790 0.9839 0.0000
vn -0.6191 0.7853 0.0000
vn -0.5727 0.4926 -0.6553
vn -0.5992 0.5083 -0.6185
vn -0.5881 0.5017 -0.6343
vn -0.5528 0.4774 -0.6830
vn -0.5224 0.4581 -0.7192
vn -0.5246 0.4545 -0.7199
vn -0.6489 0.5368 -0.5392
vn 0.2803 -0.1591 -0.9466
vn 0.3093 -0.0650 -0.9488
vn 0.2927 -0.1266 -0.9478
vn 0.4219 0.1122 -0.8997
vn 0.4564 -0.0102 -0.8897
vn 0.2605 -0.1698 -0.9504
vn 0.2124 -0.1866 -0.9592
vn 0.1683 -0.1817 -0.9689
vn 0.5809 0.2866 -0.7618
vn 0.7057 0.2546 -0.6612
vn 0.7360 0.4121 -0.5371
vn 0.7578 0.4444 -0.4777
vn 0.7564 0.4764 -0.4483
vn -0.1437 0.1027 -0.9843
vn -0.1181 0.0922 -0.9887
vn -0.1755 0.1110 -0.9782
vn -0.1747 0.1113 -0.9783
vn -0.7612 -0.1446 -0.6322
vn -0.0881 0.0809 -0.9928
vn -0.0651 0.0772 -0.9949
vn -0.0616 0.0769 -0.9951
vn -0.0667 0.0790 -0.9946
vn -0.0789 0.0397 -0.9961
vn -0.0960 0.0876 -0.9915
vn -0.1179 0.0207 -0.9928
vn -0.1336 -0.1110 -0.9848
vn -0.2225 -0.1158 -0.9680
vn -0.2668 -0.2451 -0.9321
vn -0.3819 -0.3277 -0.8642
vn -0.2715 -0.4605 -0.8451
vn -0.2230 -0.5791 -0.7842
vn -0.4797 -0.4977 -0.7226
vn -0.5795 -0.5125 -0.6337
vn -0.5984 -0.5494 -0.5832
vn -0.6057 -0.5109 -0.6100
vn 0.3093 -0.0650 0.9488
vn 0.2803 -0.1591 0.9466
vn 0.2926 -0.1267 0.9478
vn 0.4219 0.1122 0.8997
vn 0.4564 -0.0102 0.8897
vn 0.2604 -0.1698 0.9504
vn 0.2124 -0.1866 0.9592
vn 0.1683 -0.1817 0.9689
vn 0.5809 0.2866 0.7618
vn 0.7057 0.2546 0.6612
vn 0.7360 0.4121 0.5371
vn 0.7449 0.4568 0.4863
vn 0.6249 0.4992 0.6003
vn 0.5992 0.5083 0.6185
vn 0.5528 0.4773 0.6830
vn 0.5727 0.4926 0.6553
vn 0.5224 0.4580 0.7192
vn 0.5246 0.4545 0.7199
vn -0.1437 0.1027 0.9843
vn -0.1747 0.1113 0.9783
vn -0.1755 0.1110 0.9782
vn -0.1181 0.0922 0.9887
vn -0.7612 -0.1446 0.6322
vn -0.0881 0.0809 0.9928
vn -0.0650 0.0772 0.9949
vn -0.0616 0.0769 0.9951
vn -0.0666 0.0790 0.9946
vn -0.0789 0.0397 0.9961
vn -0.0959 0.0875 0.9915
vn -0.1180 0.0207 0.9928
vn -0.1336 -0.1110 0.9848
vn -0.2225 -0.1158 0.9680
vn -0.2670 -0.2451 0.9320
vn -0.3819 -0.3277 0.8642
vn -0.2715 -0.4605 0.8451
vn -0.2229 -0.5792 0.7842
vn -0.4797 -0.4977 0.7226
vn -0.5795 -0.5125 0.6337
vn -0.5984 -0.5494 0.5832
vn -0.6057 -0.5109 0.6100
vn -0.8983 -0.4393 0.0000
vn -0.9705 -0.2413 0.0000
vn -0.7498 -0.6617 0.0000
vn -0.4642 -0.8857 0.0000
vn -0.1672 -0.9859 0.0000
vn -0.0908 -0.9959 -0.0000
vn -0.6155 -0.7881 0.0000
vn -0.9985 0.0543 0.0000
vn -0.7793 0.6267 -0.0000
vn -0.9992 -0.0407 0.0000
vn -0.4867 0.8736 0.0000
vn -0.1316 0.9913 -0.0000
vn 0.2052 0.9787 0.0000
vn 0.5560 0.8312 0.0000
vn 0.7136 0.7006 0.0000
vn -0.8093 0.5873 0.0000
vn -0.8094 0.5873 0.0000
vn -0.9111 0.4123 0.0000
vn -0.5760 0.8175 0.0000
vn -0.1863 0.9825 0.0000
vn 0.1790 0.9839 0.0000
vn 0.6191 0.7853 0.0000
vn 0.5727 0.4926 -0.6553
vn 0.5528 0.4774 -0.6830
vn 0.5881 0.5017 -0.6343
vn 0.5992 0.5083 -0.6185
vn 0.5224 0.4580 -0.7192
vn 0.5246 0.4545 -0.7199
vn 0.6489 0.5368 -0.5392
vn -0.2511 0.9680 0.0000
vn -0.4763 0.8793 -0.0000
vn -0.5975 0.8019 0.0000
vn 0.0000 0.2499 -0.9683
vn -0.0702 0.2454 -0.9669
vn -0.0609 0.2466 -0.9672
vn -0.1180 0.2429 -0.9629
vn -0.1385 0.2439 -0.9599
vn -0.1725 0.2453 -0.9540
vn -0.1724 0.2453 -0.9540
vn -0.0702 0.2452 0.9669
vn 0.0000 0.2499 0.9683
vn -0.0607 0.2466 0.9672
vn -0.1179 0.2429 0.9629
vn -0.1385 0.2439 0.9599
vn -0.1725 0.2453 0.9540
vn -0.1724 0.2453 0.9540
vn -0.2512 0.9679 -0.0128
vn -0.0000 0.9998 -0.0175
vn 0.0000 0.9677 -0.2521
vn -0.3670 0.8963 -0.2489
vn -0.4671 0.8842 -0.0061
vn -0.6500 0.7599 -0.0084
vn -0.7744 0.6257 -0.0935
vn -0.7744 0.6257 0.0935
vn -0.6500 0.7599 0.0084
vn -0.9061 0.4196 -0.0542
vn -0.9061 0.4196 0.0542
vn -0.9938 0.0963 -0.0552
vn -0.9938 0.0963 0.0552
vn -0.9725 -0.2262 -0.0554
vn -0.9725 -0.2262 0.0554
vn -0.8459 -0.5305 -0.0555
vn -0.8459 -0.5305 0.0555
vn -0.6212 -0.7816 -0.0557
vn -0.6212 -0.7816 0.0557
vn -0.3291 -0.9427 -0.0558
vn -0.3291 -0.9427 0.0558
vn 0.0000 -0.9984 -0.0559
vn 0.0000 -0.9984 0.0559
vn -0.3670 0.8963 0.2490
vn -0.4671 0.8842 0.0061
vn -0.2512 0.9679 0.0128
vn 0.0000 0.9677 0.2521
vn -0.0000 0.9998 0.0175
vn -0.3175 0.7665 -0.5582
vn -0.0000 0.8296 -0.5583
vn -0.7744 0.6258 -0.0935
vn -0.5748 0.6020 -0.5542
vn -0.7537 0.3595 -0.5501
vn -0.8292 0.0883 -0.5519
vn -0.8125 -0.1825 -0.5537
vn -0.7068 -0.4373 -0.5561
vn -0.5191 -0.6481 -0.5573
vn -0.3290 -0.9427 -0.0558
vn -0.2751 -0.7828 -0.5581
vn -0.0000 -0.8292 -0.5590
vn -0.1952 0.0000 -0.9808
vn -0.4046 0.0000 -0.9145
vn -0.5236 0.0000 -0.8519
vn -0.6124 0.0000 -0.7905
vn -0.6224 0.0000 -0.7827
vn -0.5759 -0.0000 -0.8175
vn -0.4545 -0.0000 -0.8908
vn -0.2543 -0.0000 -0.9671
vn 0.1952 0.0000 -0.9808
vn 0.4046 0.0000 -0.9145
vn 0.5236 0.0000 -0.8519
vn 0.6124 0.0000 -0.7905
vn 0.6224 0.0000 -0.7827
vn 0.5759 -0.0000 -0.8175
vn 0.4545 -0.0000 -0.8908
vn 0.2543 -0.0000 -0.9671
vn 0.2511 0.9680 0.0000
vn 0.4763 0.8793 -0.0000
vn 0.5975 0.8019 0.0000
vn 0.0610 0.2466 -0.9672
vn 0.0702 0.2454 -0.9669
vn 0.1180 0.2429 -0.9629
vn 0.1385 0.2439 -0.9599
vn 0.1725 0.2453 -0.9540
vn 0.1724 0.2453 -0.9540
vn 0.0702 0.2452 0.9669
vn 0.0607 0.2466 0.9672
vn 0.1179 0.2429 0.9629
vn 0.1385 0.2439 0.9599
vn 0.1724 0.2453 0.9540
vn 0.2512 0.9679 -0.0128
vn 0.3670 0.8963 -0.2489
vn 0.4671 0.8842 -0.0061
vn 0.6500 0.7599 -0.0084
vn 0.7744 0.6257 -0.0935
vn 0.7744 0.6257 0.0935
vn 0.9061 0.4196 -0.0542
vn 0.9061 0.4196 0.0542
vn 0.9938 0.0963 -0.0552
vn 0.9938 0.0963 0.0552
vn 0.9725 -0.2262 -0.0554
vn 0.9725 -0.2262 0.0554
vn 0.8459 -0.5305 -0.0555
vn 0.8459 -0.5305 0.0555
vn 0.6500 0.7599 0.0084
vn 0.6213 -0.7816 -0.0557
vn 0.6212 -0.7816 0.0557
vn 0.3291 -0.9427 -0.0558
vn 0.3290 -0.9427 0.0558
vn 0.3670 0.8963 0.2489
vn 0.4671 0.8842 0.0061
vn 0.2512 0.9679 0.0128
vn 0.3175 0.7665 -0.5582
vn 0.7744 0.6258 -0.0935
vn 0.5748 0.6020 -0.5542
vn 0.7537 0.3595 -0.5501
vn 0.8292 0.0883 -0.5519
vn 0.8125 -0.1825 -0.5537
vn 0.7069 -0.4373 -0.5560
vn 0.6212 -0.7816 -0.0557
vn 0.5191 -0.6480 -0.5574
vn 0.3290 -0.9427 -0.0558
vn 0.2751 -0.7828 -0.5581
vn -0.3175 0.7665 0.5582
vn -0.0000 0.8296 0.5583
vn -0.3670 0.8963 0.2489
vn -0.7744 0.6258 0.0935
vn -0.5748 0.6020 0.5542
vn -0.7537 0.3595 0.5501
vn -0.8292 0.0883 0.5519
vn -0.8125 -0.1825 0.5537
vn -0.7069 -0.4373 0.5560
vn -0.5191 -0.6480 0.5573
vn -0.3290 -0.9427 0.0558
vn -0.2751 -0.7828 0.5581
vn -0.0000 -0.8292 0.5590
vn -0.1952 0.0000 0.9808
vn -0.4046 0.0000 0.9145
vn -0.5236 0.0000 0.8519
vn -0.6124 0.0000 0.7905
vn -0.6224 0.0000 0.7827
vn -0.5759 -0.0000 0.8175
vn -0.4545 -0.0000 0.8908
vn -0.2543 -0.0000 0.9671
vn 0.1952 0.0000 0.9808
vn 0.4046 0.0000 0.9145
vn 0.5236 0.0000 0.8519
vn 0.6124 0.0000 0.7905
vn 0.6224 0.0000 0.7827
vn 0.5759 -0.0000 0.8175
vn 0.4545 -0.0000 0.8908
vn 0.2543 -0.0000 0.9671
vn 0.3175 0.7665 0.5582
vn 0.7744 0.6258 0.0935
vn 0.5748 0.6020 0.5542
vn 0.7537 0.3595 0.5501
vn 0.8292 0.0883 0.5519
vn 0.8125 -0.1825 0.5537
vn 0.7068 -0.4373 0.5561
vn 0.5191 -0.6481 0.5573
vn 0.2751 -0.7828 0.5581
vn -0.0424 0.2236 -0.9737
vn -0.0243 0.2678 -0.9632
vn -0.0143 0.2916 -0.9564
vn 0.0424 0.2236 0.9737
vn 0.0243 0.2678 0.9632
vn 0.0143 0.2916 0.9564
usemtl Cs_Item_Gnosis_Electro_Mat
s 1
f 1/1/1 2/2/2 3/3/1
f 4/4/3 5/5/1 6/6/1
f 7/7/4 8/8/5 9/9/5
f 10/10/5 11/11/6 12/12/5
f 13/13/7 14/14/8 15/15/8
f 16/16/7 13/13/7 15/15/8
f 17/17/9 13/13/7 16/16/7
f 18/18/9 17/17/9 16/16/7
f 15/15/8 14/14/8 19/19/10
f 14/14/8 20/20/10 19/19/10
f 19/19/10 20/20/10 21/21/11
f 20/20/10 22/22/11 21/21/11
f 21/21/11 22/22/11 23/23/12
f 22/22/11 24/24/12 23/23/12
f 23/23/12 24/24/12 25/25/13
f 24/24/12 26/26/13 25/25/13
f 27/27/14 28/28/9 29/29/9
f 30/30/14 27/27/14 29/29/9
f 31/31/15 27/27/14 30/30/14
f 32/32/15 31/31/15 30/30/14
f 33/33/16 31/31/15 32/32/15
f 34/34/16 33/33/16 32/32/15
f 35/35/17 33/33/16 34/34/16
f 36/36/17 35/35/17 34/34/16
f 37/37/18 35/35/17 36/36/17
f 38/38/18 37/37/18 36/36/17
f 39/39/13 37/37/18 38/38/18
f 40/40/13 39/39/13 38/38/18
f 41/41/19 42/42/19 43/43/19
f 43/43/19 42/42/19 44/44/19
f 44/44/19 42/42/19 45/45/19
f 45/45/19 42/42/19 46/46/19
f 46/46/19 42/42/19 47/47/19
f 47/47/19 42/42/19 48/48/19
f 48/48/19 42/42/19 49/49/19
f 49/49/19 42/42/19 50/50/19
f 50/50/19 42/42/19 51/51/19
f 51/51/19 42/42/19 52/52/19
f 52/52/19 42/42/19 53/53/19
f 53/53/19 42/42/19 41/41/19
f 54/54/20 55/55/20 56/56/20
f 57/57/20 55/55/20 54/54/20
f 58/58/20 55/55/20 57/57/20
f 59/59/20 55/55/20 58/58/20
f 60/60/20 55/55/20 59/59/20
f 61/61/20 55/55/20 60/60/20
f 62/62/20 55/55/20 61/61/20
f 63/63/20 55/55/20 62/62/20
f 64/64/20 55/55/20 63/63/20
f 65/65/20 55/55/20 64/64/20
f 66/66/20 55/55/20 65/65/20
f 56/56/20 55/55/20 66/66/20
f 67/67/21 68/68/22 69/69/23
f 70/70/23 67/67/21 69/69/23
f 71/71/24 72/72/25 73/73/26
f 74/74/27 71/71/24 73/73/26
f 75/75/28 76/76/28 77/77/29
f 78/78/29 75/75/28 77/77/29
f 79/79/30 80/80/30 81/81/31
f 82/82/31 79/79/30 81/81/31
f 83/83/32 84/84/33 85/85/34
f 86/86/35 83/83/32 85/85/34
f 86/86/35 85/85/34 87/87/36
f 88/88/37 86/86/35 87/87/36
f 83/83/32 89/89/38 84/84/33
f 90/90/39 91/91/34 85/85/36
f 92/92/40 90/90/39 85/85/36
f 92/92/40 85/85/36 93/93/41
f 94/94/42 92/92/40 93/93/41
f 90/90/39 95/95/43 91/91/34
f 96/96/44 97/97/45 98/98/45
f 99/99/44 96/96/44 98/98/45
f 100/100/46 101/101/47 102/102/47
f 103/103/46 100/100/46 102/102/47
f 104/104/48 105/105/49 106/106/50
f 104/104/48 106/106/50 107/107/51
f 108/108/51 104/104/48 107/107/51
f 106/106/50 105/105/49 109/109/52
f 110/110/53 106/106/50 109/109/52
f 109/109/52 111/111/54 110/110/53
f 111/111/54 109/109/52 112/112/55
f 112/112/55 113/113/56 111/111/54
f 114/114/57 111/111/54 113/113/56
f 114/114/57 113/113/56 115/115/58
f 110/110/53 116/116/59 106/106/50
f 117/117/60 114/114/57 115/115/58
f 117/117/60 118/118/61 114/114/57
f 119/119/62 114/114/57 118/118/61
f 119/119/62 118/118/61 120/120/63
f 119/119/62 120/120/63 121/121/64
f 121/121/64 120/120/63 122/122/65
f 123/123/66 121/121/64 122/122/65
f 122/122/65 124/124/67 123/123/66
f 122/122/65 125/125/68 124/124/67
f 124/124/67 125/125/68 126/126/69
f 125/125/68 127/127/70 126/126/69
f 127/127/70 128/128/71 126/126/69
f 129/129/72 130/130/72 131/131/73
f 132/132/74 129/129/72 131/131/73
f 133/133/75 132/132/74 131/131/73
f 134/134/76 133/133/75 131/131/73
f 134/134/76 131/131/73 135/135/77
f 135/135/77 131/131/73 136/136/78
f 135/135/77 137/137/79 134/134/76
f 134/134/76 137/137/79 138/138/80
f 137/137/79 139/139/81 138/138/80
f 140/140/82 139/139/81 137/137/79
f 140/140/82 141/141/83 139/139/81
f 140/140/82 142/142/84 141/141/83
f 140/140/82 143/143/85 142/142/84
f 140/140/82 144/144/86 143/143/85
f 144/144/86 145/145/87 143/143/85
f 144/144/86 146/146/88 145/145/87
f 145/145/87 146/146/88 147/147/89
f 148/148/90 145/145/87 147/147/89
f 149/149/91 148/148/90 147/147/89
f 149/149/91 150/150/92 148/148/90
f 150/150/92 149/149/91 151/151/93
f 152/152/94 150/150/92 151/151/93
f 152/152/94 151/151/93 153/153/95
f 154/154/96 155/155/96 156/156/96
f 157/157/96 154/154/96 156/156/96
f 158/158/97 159/159/97 160/160/98
f 161/161/99 158/158/97 160/160/98
f 158/158/97 162/162/100 159/159/97
f 162/162/100 163/163/100 159/159/97
f 163/163/100 162/162/100 164/164/101
f 165/165/101 163/163/100 164/164/101
f 164/164/101 166/166/102 165/165/101
f 166/166/102 167/167/102 165/165/101
f 161/161/99 160/160/98 168/168/103
f 169/169/103 161/161/99 168/168/103
f 170/170/104 171/171/104 172/172/104
f 173/173/104 170/170/104 172/172/104
f 174/174/105 175/175/105 176/176/105
f 177/177/105 174/174/105 176/176/105
f 178/178/106 179/179/106 180/180/107
f 181/181/107 178/178/106 180/180/107
f 178/178/106 182/182/108 179/179/106
f 182/182/108 183/183/108 179/179/106
f 182/182/108 184/184/109 183/183/108
f 184/184/109 185/185/109 183/183/108
f 184/184/109 186/186/110 185/185/109
f 186/186/110 187/187/110 185/185/109
f 186/186/110 188/188/111 187/187/110
f 188/188/111 189/189/111 187/187/110
f 190/190/112 191/191/112 192/192/112
f 193/193/112 190/190/112 192/192/112
f 194/194/113 195/195/114 196/196/115
f 197/197/116 194/194/113 196/196/115
f 196/196/115 198/198/117 197/197/116
f 198/198/117 199/199/118 197/197/116
f 198/198/117 200/200/119 199/199/118
f 200/200/119 201/201/120 199/199/118
f 195/195/114 202/202/121 196/196/115
f 194/194/113 197/197/116 203/203/122
f 204/204/123 194/194/113 203/203/122
f 197/197/116 199/199/118 205/205/124
f 203/203/122 197/197/116 205/205/124
f 199/199/118 201/201/120 206/206/125
f 205/205/124 199/199/118 206/206/125
f 207/207/126 208/208/127 209/209/128
f 210/210/129 207/207/126 209/209/128
f 209/209/128 208/208/127 211/211/130
f 208/208/127 212/212/131 211/211/130
f 211/211/130 212/212/131 213/213/132
f 212/212/131 214/214/133 213/213/132
f 208/208/127 207/207/126 215/215/134
f 207/207/126 216/216/135 215/215/134
f 217/217/136 214/214/133 212/212/131
f 218/218/137 217/217/136 212/212/131
f 218/218/137 212/212/131 208/208/127
f 215/215/134 218/218/137 208/208/127
f 216/216/135 219/219/138 215/215/134
f 220/220/139 221/221/140 222/222/141
f 223/223/139 220/220/139 222/222/141
f 222/222/141 221/221/140 224/224/142
f 225/225/143 222/222/141 224/224/142
f 226/226/144 227/227/145 228/228/145
f 229/229/146 226/226/144 228/228/145
f 230/230/147 226/226/144 229/229/146
f 231/231/147 230/230/147 229/229/146
f 232/232/148 233/233/149 234/234/150
f 235/235/148 232/232/148 234/234/150
f 234/234/150 233/233/149 236/236/151
f 237/237/151 234/234/150 236/236/151
f 238/238/152 239/239/153 240/240/153
f 241/241/154 238/238/152 240/240/153
f 242/242/155 238/238/152 241/241/154
f 243/243/156 242/242/155 241/241/154
f 244/244/157 245/245/158 246/246/159
f 247/247/160 245/245/158 244/244/157
f 244/244/157 246/246/159 248/248/161
f 247/247/160 244/244/157 249/249/162
f 250/250/163 251/251/164 252/252/165
f 253/253/166 252/252/165 251/251/164
f 253/253/166 254/254/167 252/252/165
f 254/254/167 255/255/168 252/252/165
f 256/256/169 257/257/170 258/258/171
f 259/259/172 256/256/169 258/258/171
f 260/260/173 259/259/172 258/258/171
f 261/261/174 262/262/175 263/263/176
f 262/262/175 261/261/174 264/264/177
f 261/261/174 265/265/178 264/264/177
f 266/266/25 267/267/26 268/268/179
f 269/269/179 266/266/25 268/268/179
f 270/270/180 271/271/181 272/272/182
f 273/273/180 270/270/180 272/272/182
f 274/274/47 275/275/47 276/276/183
f 277/277/183 274/274/47 276/276/183
f 278/278/45 279/279/45 280/280/184
f 281/281/184 278/278/45 280/280/184
f 282/282/185 283/283/41 284/284/33
f 285/285/186 282/282/185 284/284/33
f 285/285/186 284/284/33 286/286/34
f 287/287/187 285/285/186 286/286/34
f 282/282/185 288/288/188 283/283/41
f 289/289/189 290/290/36 284/284/41
f 291/291/190 289/289/189 284/284/41
f 291/291/190 284/284/41 292/292/33
f 293/293/191 291/291/190 292/292/33
f 289/289/189 294/294/192 290/290/36
f 295/295/193 296/296/194 297/297/194
f 298/298/193 295/295/193 297/297/194
f 299/299/195 300/300/196 301/301/196
f 302/302/195 299/299/195 301/301/196
f 303/303/197 304/304/198 305/305/199
f 303/303/197 305/305/199 306/306/200
f 307/307/200 303/303/197 306/306/200
f 305/305/199 304/304/198 308/308/201
f 309/309/202 305/305/199 308/308/201
f 308/308/201 310/310/203 309/309/202
f 310/310/203 308/308/201 311/311/204
f 311/311/204 312/312/205 310/310/203
f 313/313/206 310/310/203 312/312/205
f 313/313/206 312/312/205 314/314/207
f 309/309/202 315/315/208 305/305/199
f 316/316/209 313/313/206 314/314/207
f 316/316/209 317/317/210 313/313/206
f 318/318/211 313/313/206 317/317/210
f 318/318/211 317/317/210 319/319/212
f 318/318/211 319/319/212 320/320/213
f 320/320/213 319/319/212 321/321/214
f 322/322/215 320/320/213 321/321/214
f 321/321/214 323/323/216 322/322/215
f 321/321/214 324/324/217 323/323/216
f 323/323/216 324/324/217 325/325/218
f 324/324/217 326/326/219 325/325/218
f 326/326/219 327/327/220 325/325/218
f 328/328/221 329/329/221 330/330/222
f 331/331/223 328/328/221 330/330/222
f 332/332/224 331/331/223 330/330/222
f 333/333/225 332/332/224 330/330/222
f 333/333/225 330/330/222 334/334/226
f 334/334/226 330/330/222 335/335/227
f 334/334/226 336/336/228 333/333/225
f 333/333/225 336/336/228 337/337/229
f 336/336/228 338/338/230 337/337/229
f 339/339/231 338/338/230 336/336/228
f 339/339/231 340/340/232 338/338/230
f 339/339/231 341/341/233 340/340/232
f 339/339/231 342/342/234 341/341/233
f 339/339/231 343/343/235 342/342/234
f 343/343/235 344/344/236 342/342/234
f 343/343/235 345/345/237 344/344/236
f 344/344/236 345/345/237 346/346/238
f 347/347/239 344/344/236 346/346/238
f 348/348/240 347/347/239 346/346/238
f 348/348/240 349/349/241 347/347/239
f 349/349/241 348/348/240 350/350/242
f 351/351/243 349/349/241 350/350/242
f 351/351/243 350/350/242 352/352/244
f 353/353/245 354/354/245 355/355/245
f 356/356/245 353/353/245 355/355/245
f 357/357/246 358/358/246 359/359/247
f 360/360/248 357/357/246 359/359/247
f 357/357/246 361/361/249 358/358/246
f 361/361/249 362/362/249 358/358/246
f 362/362/249 361/361/249 363/363/250
f 364/364/250 362/362/249 363/363/250
f 363/363/250 365/365/251 364/364/250
f 365/365/251 366/366/251 364/364/250
f 360/360/248 359/359/247 367/367/252
f 368/368/252 360/360/248 367/367/252
f 369/369/253 370/370/253 371/371/253
f 372/372/253 369/369/253 371/371/253
f 373/373/254 374/374/254 375/375/254
f 376/376/254 373/373/254 375/375/254
f 377/377/255 378/378/255 379/379/256
f 380/380/256 377/377/255 379/379/256
f 377/377/255 381/381/257 378/378/255
f 381/381/257 382/382/257 378/378/255
f 381/381/257 383/383/258 382/382/257
f 383/383/258 384/384/259 382/382/257
f 383/383/258 385/385/260 384/384/259
f 385/385/260 386/386/260 384/384/259
f 385/385/260 387/387/261 386/386/260
f 387/387/261 388/388/261 386/386/260
f 389/389/262 390/390/262 391/391/262
f 392/392/262 389/389/262 391/391/262
f 393/393/263 394/394/264 395/395/265
f 396/396/266 393/393/263 395/395/265
f 395/395/265 397/397/267 396/396/266
f 397/397/267 398/398/268 396/396/266
f 397/397/267 399/399/269 398/398/268
f 399/399/269 400/400/270 398/398/268
f 394/394/264 401/401/271 395/395/265
f 393/393/263 396/396/266 402/402/272
f 403/403/273 393/393/263 402/402/272
f 396/396/266 398/398/268 404/404/274
f 402/402/272 396/396/266 404/404/274
f 398/398/268 400/400/270 405/405/275
f 404/404/274 398/398/268 405/405/275
f 406/406/145 407/407/276 408/408/277
f 409/409/145 406/406/145 408/408/277
f 408/408/277 407/407/276 410/410/278
f 411/411/278 408/408/277 410/410/278
f 412/412/279 413/413/280 414/414/280
f 415/415/281 412/412/279 414/414/280
f 416/416/282 412/412/279 415/415/281
f 417/417/282 416/416/282 415/415/281
f 418/418/153 419/419/283 420/420/284
f 421/421/153 418/418/153 420/420/284
f 420/420/284 419/419/283 422/422/285
f 423/423/286 420/420/284 422/422/285
f 424/424/287 425/425/288 426/426/288
f 427/427/289 424/424/287 426/426/288
f 428/428/290 424/424/287 427/427/289
f 429/429/290 428/428/290 427/427/289
f 430/430/291 431/431/292 432/432/164
f 433/433/293 431/431/292 430/430/291
f 430/430/291 432/432/164 434/434/294
f 433/433/293 430/430/291 435/435/295
f 436/436/296 437/437/297 438/438/298
f 439/439/299 438/438/298 437/437/297
f 439/439/299 440/440/300 438/438/298
f 440/440/300 441/441/301 438/438/298
f 442/442/302 443/443/303 444/444/304
f 445/445/305 442/442/302 444/444/304
f 446/446/176 445/445/305 444/444/304
f 447/447/306 448/448/307 449/449/308
f 448/448/307 447/447/306 450/450/309
f 447/447/306 451/451/310 450/450/309
f 452/452/311 453/453/312 454/454/313
f 455/455/313 452/452/311 454/454/313
f 456/456/314 457/457/21 458/458/22
f 459/459/314 456/456/314 458/458/22
f 460/460/315 461/461/315 462/462/316
f 463/463/316 460/460/315 462/462/316
f 464/464/317 465/465/317 466/466/318
f 467/467/318 464/464/317 466/466/318
f 468/468/319 469/469/30 470/470/30
f 471/471/319 468/468/319 470/470/30
f 472/472/320 473/473/28 474/474/28
f 475/475/320 472/472/320 474/474/28
f 476/476/321 477/477/322 478/478/323
f 476/476/321 478/478/323 479/479/324
f 480/480/324 476/476/321 479/479/324
f 478/478/323 477/477/322 481/481/325
f 482/482/326 478/478/323 481/481/325
f 481/481/325 483/483/327 482/482/326
f 483/483/327 481/481/325 484/484/328
f 484/484/328 485/485/329 483/483/327
f 486/486/330 483/483/327 485/485/329
f 486/486/330 485/485/329 487/487/331
f 482/482/326 488/488/332 478/478/323
f 489/489/333 486/486/330 487/487/331
f 489/489/333 490/490/334 486/486/330
f 491/491/335 486/486/330 490/490/334
f 491/491/335 490/490/334 492/492/336
f 491/491/335 492/492/336 493/493/337
f 493/493/337 492/492/336 494/494/338
f 495/495/339 493/493/337 494/494/338
f 494/494/338 496/496/340 495/495/339
f 494/494/338 497/497/341 496/496/340
f 496/496/340 497/497/341 498/498/342
f 497/497/341 499/499/343 498/498/342
f 499/499/343 500/500/344 498/498/342
f 501/501/345 502/502/345 503/503/346
f 504/504/347 501/501/345 503/503/346
f 505/505/348 504/504/347 503/503/346
f 506/506/349 505/505/348 503/503/346
f 506/506/349 503/503/346 507/507/350
f 507/507/350 503/503/346 508/508/351
f 507/507/350 509/509/352 506/506/349
f 506/506/349 509/509/352 510/510/353
f 509/509/352 511/511/354 510/510/353
f 512/512/355 511/511/354 509/509/352
f 512/512/355 513/513/356 511/511/354
f 512/512/355 514/514/357 513/513/356
f 512/512/355 515/515/358 514/514/357
f 512/512/355 516/516/359 515/515/358
f 516/516/359 517/517/360 515/515/358
f 516/516/359 518/518/361 517/517/360
f 517/517/360 518/518/361 519/519/362
f 520/520/363 517/517/360 519/519/362
f 521/521/364 520/520/363 519/519/362
f 521/521/364 522/522/365 520/520/363
f 522/522/365 521/521/364 523/523/366
f 524/524/367 522/522/365 523/523/366
f 524/524/367 523/523/366 525/525/368
f 526/526/369 527/527/369 528/528/369
f 529/529/369 526/526/369 528/528/369
f 530/530/370 531/531/370 532/532/371
f 533/533/372 530/530/370 532/532/371
f 530/530/370 534/534/373 531/531/370
f 534/534/373 535/535/373 531/531/370
f 535/535/373 534/534/373 536/536/374
f 537/537/374 535/535/373 536/536/374
f 536/536/374 538/538/375 537/537/374
f 538/538/375 539/539/375 537/537/374
f 533/533/372 532/532/371 540/540/376
f 541/541/376 533/533/372 540/540/376
f 542/542/377 543/543/377 544/544/377
f 545/545/377 542/542/377 544/544/377
f 546/546/378 547/547/378 548/548/378
f 549/549/378 546/546/378 548/548/378
f 550/550/379 551/551/379 552/552/380
f 553/553/380 550/550/379 552/552/380
f 550/550/379 554/554/381 551/551/379
f 554/554/381 555/555/381 551/551/379
f 554/554/381 556/556/382 555/555/381
f 556/556/382 557/557/383 555/555/381
f 556/556/382 558/558/384 557/557/383
f 558/558/384 559/559/384 557/557/383
f 558/558/384 560/560/385 559/559/384
f 560/560/385 561/561/385 559/559/384
f 562/562/386 563/563/386 564/564/386
f 565/565/386 562/562/386 564/564/386
f 566/566/387 567/567/388 568/568/389
f 569/569/390 566/566/387 568/568/389
f 568/568/389 567/567/388 570/570/391
f 567/567/388 571/571/392 570/570/391
f 570/570/391 571/571/392 572/572/393
f 571/571/392 573/573/394 572/572/393
f 567/567/388 566/566/387 574/574/395
f 566/566/387 575/575/396 574/574/395
f 576/576/397 573/573/394 571/571/392
f 577/577/398 576/576/397 571/571/392
f 577/577/398 571/571/392 567/567/388
f 574/574/395 577/577/398 567/567/388
f 575/575/396 578/578/399 574/574/395
f 579/579/400 580/580/401 581/581/402
f 582/582/400 579/579/400 581/581/402
f 581/581/402 580/580/401 583/583/403
f 584/584/403 581/581/402 583/583/403
f 585/585/404 586/586/139 587/587/139
f 588/588/405 585/585/404 587/587/139
f 589/589/406 585/585/404 588/588/405
f 590/590/406 589/589/406 588/588/405
f 591/591/407 592/592/408 593/593/409
f 594/594/407 591/591/407 593/593/409
f 593/593/409 592/592/408 595/595/410
f 596/596/411 593/593/409 595/595/410
f 597/597/412 598/598/148 599/599/148
f 600/600/413 597/597/412 599/599/148
f 601/601/414 597/597/412 600/600/413
f 602/602/414 601/601/414 600/600/413
f 603/603/415 604/604/416 605/605/417
f 606/606/418 604/604/416 603/603/415
f 603/603/415 605/605/417 607/607/419
f 606/606/418 603/603/415 608/608/420
f 609/609/421 610/610/159 611/611/422
f 612/612/423 611/611/422 610/610/159
f 612/612/423 613/613/424 611/611/422
f 613/613/424 614/614/425 611/611/422
f 615/615/426 616/616/427 617/617/428
f 618/618/429 615/615/426 617/617/428
f 619/619/430 618/618/429 617/617/428
f 620/620/431 621/621/432 622/622/173
f 621/621/432 620/620/431 623/623/433
f 620/620/431 624/624/434 623/623/433
f 625/625/181 626/626/182 627/627/435
f 628/628/435 625/625/181 627/627/435
f 629/629/436 630/630/311 631/631/312
f 632/632/437 629/629/436 631/631/312
f 633/633/196 634/634/196 635/635/438
f 636/636/438 633/633/196 635/635/438
f 637/637/194 638/638/194 639/639/439
f 640/640/439 637/637/194 639/639/439
f 641/641/440 642/642/317 643/643/317
f 644/644/440 641/641/440 643/643/317
f 645/645/441 646/646/315 647/647/315
f 648/648/441 645/645/441 647/647/315
f 649/649/442 650/650/443 651/651/444
f 649/649/442 651/651/444 652/652/445
f 653/653/445 649/649/442 652/652/445
f 651/651/444 650/650/443 654/654/446
f 655/655/447 651/651/444 654/654/446
f 654/654/446 656/656/448 655/655/447
f 656/656/448 654/654/446 657/657/449
f 657/657/449 658/658/450 656/656/448
f 659/659/451 656/656/448 658/658/450
f 659/659/451 658/658/450 660/660/452
f 655/655/447 661/661/453 651/651/444
f 662/662/454 659/659/451 660/660/452
f 662/662/454 663/663/455 659/659/451
f 664/664/456 659/659/451 663/663/455
f 664/664/456 663/663/455 665/665/457
f 664/664/456 665/665/457 666/666/458
f 666/666/458 665/665/457 667/667/459
f 668/668/460 666/666/458 667/667/459
f 667/667/459 669/669/461 668/668/460
f 667/667/459 670/670/462 669/669/461
f 669/669/461 670/670/462 671/671/463
f 670/670/462 672/672/464 671/671/463
f 672/672/464 673/673/465 671/671/463
f 674/674/466 675/675/466 676/676/467
f 677/677/468 674/674/466 676/676/467
f 678/678/469 677/677/468 676/676/467
f 679/679/470 678/678/469 676/676/467
f 679/679/470 676/676/467 680/680/471
f 680/680/471 676/676/467 681/681/472
f 680/680/471 682/682/473 679/679/470
f 679/679/470 682/682/473 683/683/474
f 682/682/473 684/684/475 683/683/474
f 685/685/476 684/684/475 682/682/473
f 685/685/476 686/686/477 684/684/475
f 685/685/476 687/687/478 686/686/477
f 685/685/476 688/688/479 687/687/478
f 685/685/476 689/689/480 688/688/479
f 689/689/480 690/690/481 688/688/479
f 689/689/480 691/691/482 690/690/481
f 690/690/481 691/691/482 692/692/483
f 693/693/484 690/690/481 692/692/483
f 694/694/485 693/693/484 692/692/483
f 694/694/485 695/695/486 693/693/484
f 695/695/486 694/694/485 696/696/487
f 697/697/488 695/695/486 696/696/487
f 697/697/488 696/696/487 698/698/489
f 699/699/490 700/700/490 701/701/490
f 702/702/490 699/699/490 701/701/490
f 703/703/491 704/704/491 705/705/492
f 706/706/493 703/703/491 705/705/492
f 703/703/491 707/707/494 704/704/491
f 707/707/494 708/708/494 704/704/491
f 708/708/494 707/707/494 709/709/495
f 710/710/495 708/708/494 709/709/495
f 709/709/495 711/711/496 710/710/495
f 711/711/496 712/712/496 710/710/495
f 706/706/493 705/705/492 713/713/497
f 714/714/497 706/706/493 713/713/497
f 715/715/498 716/716/498 717/717/498
f 718/718/498 715/715/498 717/717/498
f 719/719/499 720/720/499 721/721/499
f 722/722/499 719/719/499 721/721/499
f 723/723/500 724/724/500 725/725/501
f 726/726/501 723/723/500 725/725/501
f 723/723/500 727/727/502 724/724/500
f 727/727/502 728/728/502 724/724/500
f 727/727/502 729/729/503 728/728/502
f 729/729/503 730/730/503 728/728/502
f 729/729/503 731/731/504 730/730/503
f 731/731/504 732/732/504 730/730/503
f 731/731/504 733/733/505 732/732/504
f 733/733/505 734/734/505 732/732/504
f 735/735/506 736/736/506 737/737/506
f 738/738/506 735/735/506 737/737/506
f 739/739/280 740/740/507 741/741/508
f 742/742/280 739/739/280 741/741/508
f 741/741/508 740/740/507 743/743/509
f 744/744/509 741/741/508 743/743/509
f 745/745/510 746/746/400 747/747/400
f 748/748/511 745/745/510 747/747/400
f 749/749/512 745/745/510 748/748/511
f 750/750/512 749/749/512 748/748/511
f 751/751/288 752/752/513 753/753/514
f 754/754/288 751/751/288 753/753/514
f 753/753/514 752/752/513 755/755/515
f 756/756/515 753/753/514 755/755/515
f 757/757/516 758/758/407 759/759/407
f 760/760/517 757/757/516 759/759/407
f 761/761/518 757/757/516 760/760/517
f 762/762/519 761/761/518 760/760/517
f 763/763/520 764/764/521 765/765/297
f 766/766/522 764/764/521 763/763/520
f 763/763/520 765/765/297 767/767/523
f 766/766/522 763/763/520 768/768/524
f 769/769/525 770/770/417 771/771/526
f 772/772/527 771/771/526 770/770/417
f 772/772/527 773/773/528 771/771/526
f 773/773/528 774/774/529 771/771/526
f 775/775/530 776/776/531 777/777/532
f 778/778/533 775/775/530 777/777/532
f 779/779/308 778/778/533 777/777/532
f 780/780/534 781/781/535 782/782/430
f 781/781/535 780/780/534 783/783/536
f 780/780/534 784/784/537 783/783/536
f 785/785/538 786/786/539 787/787/539
f 788/788/538 785/785/538 787/787/539
f 789/789/19 785/785/538 788/788/538
f 790/790/19 789/789/19 788/788/538
f 791/791/540 789/789/19 790/790/19
f 792/792/540 791/791/540 790/790/19
f 793/793/541 791/791/540 792/792/540
f 794/794/541 793/793/541 792/792/540
f 795/795/542 793/793/541 794/794/541
f 796/796/16 795/795/542 794/794/541
f 787/787/539 786/786/539 797/797/543
f 786/786/539 798/798/10 797/797/543
f 799/799/544 800/800/16 796/796/545
f 801/801/544 799/799/544 796/796/545
f 802/802/546 799/799/544 801/801/544
f 803/803/546 802/802/546 801/801/544
f 804/804/20 802/802/546 803/803/546
f 805/805/20 804/804/20 803/803/546
f 806/806/547 804/804/20 807/807/20
f 808/808/547 806/806/547 807/807/20
f 809/809/548 806/806/547 808/808/547
f 810/810/548 809/809/548 808/808/547
f 811/811/549 809/809/548 810/810/548
f 797/797/10 811/811/549 810/810/548
f 812/812/550 813/813/551 814/814/552
f 815/815/553 813/813/551 812/812/550
f 816/816/554 815/815/553 812/812/550
f 814/814/552 813/813/551 817/817/555
f 814/814/552 817/817/555 818/818/556
f 819/819/557 820/820/558 821/821/559
f 820/820/558 822/822/560 821/821/559
f 821/821/559 822/822/560 823/823/561
f 823/823/561 822/822/560 824/824/562
f 823/823/561 824/824/562 825/825/563
f 826/826/564 827/827/565 828/828/566
f 827/827/565 829/829/567 828/828/566
f 828/828/566 829/829/567 830/830/568
f 830/830/568 829/829/567 831/831/569
f 830/830/568 831/831/569 832/832/570
f 833/833/571 834/834/572 835/835/573
f 834/834/572 836/836/574 835/835/573
f 835/835/573 836/836/574 837/837/575
f 837/837/575 836/836/574 838/838/576
f 837/837/575 838/838/576 839/839/577
f 840/840/578 841/841/579 842/842/580
f 843/843/581 841/841/579 840/840/578
f 842/842/580 841/841/579 844/844/582
f 842/842/580 844/844/582 845/845/583
f 846/846/584 843/843/581 840/840/578
f 847/847/585 848/848/586 849/849/587
f 850/850/588 848/848/586 847/847/585
f 851/851/589 848/848/586 850/850/588
f 847/847/585 849/849/587 852/852/590
f 853/853/591 851/851/589 850/850/588
f 854/854/592 855/855/593 856/856/594
f 857/857/595 855/855/593 854/854/592
f 858/858/596 855/855/593 857/857/595
f 854/854/592 856/856/594 859/859/597
f 860/860/598 858/858/596 857/857/595
f 861/861/599 862/862/600 863/863/601
f 864/864/602 862/862/600 861/861/599
f 865/865/603 862/862/600 864/864/602
f 866/866/604 865/865/603 864/864/602
f 861/861/599 863/863/601 867/867/605
f 868/868/606 869/869/607 870/870/607
f 868/868/606 871/871/608 869/869/607
f 872/872/19 871/871/608 868/868/606
f 873/873/19 872/872/19 868/868/606
f 874/874/609 872/872/19 873/873/19
f 875/875/609 874/874/609 873/873/19
f 876/876/610 874/874/609 875/875/609
f 877/877/610 876/876/610 875/875/609
f 878/878/611 879/879/612 880/880/613
f 881/881/614 878/878/611 880/880/613
f 882/882/615 878/878/611 881/881/614
f 883/883/616 882/882/615 881/881/614
f 879/879/612 878/878/611 884/884/617
f 878/878/611 885/885/618 884/884/617
f 886/886/619 885/885/618 878/878/611
f 882/882/615 886/886/619 878/878/611
f 887/887/620 888/888/615 889/889/616
f 890/890/621 887/887/620 889/889/616
f 891/891/622 887/887/620 890/890/621
f 891/891/622 892/892/623 887/887/620
f 892/892/623 893/893/624 887/887/620
f 887/887/620 893/893/624 888/888/615
f 894/894/625 891/891/622 890/890/621
f 893/893/624 895/895/619 888/888/615
f 896/896/626 897/897/627 898/898/628
f 899/899/626 896/896/626 898/898/628
f 897/897/627 900/900/629 898/898/628
f 900/900/629 901/901/629 898/898/628
f 902/902/630 903/903/631 904/904/631
f 905/905/632 902/902/630 904/904/631
f 902/902/630 905/905/632 906/906/629
f 905/905/632 907/907/629 906/906/629
f 908/908/633 909/909/634 910/910/635
f 911/911/636 908/908/633 910/910/635
f 910/910/635 912/912/637 911/911/636
f 913/913/638 914/914/636 915/915/639
f 914/914/636 916/916/637 915/915/639
f 915/915/639 917/917/640 913/913/638
f 918/918/641 919/919/641 920/920/641
f 921/921/641 918/918/641 920/920/641
f 922/922/642 923/923/643 924/924/644
f 925/925/642 922/922/642 924/924/644
f 923/923/643 926/926/645 924/924/644
f 926/926/645 923/923/643 927/927/646
f 928/928/647 926/926/645 927/927/646
f 929/929/648 926/926/645 928/928/647
f 924/924/644 926/926/645 929/929/648
f 928/928/647 927/927/646 930/930/649
f 927/927/646 931/931/650 930/930/649
f 932/932/651 929/929/648 928/928/647
f 932/932/651 933/933/652 929/929/648
f 934/934/653 935/935/654 936/936/655
f 937/937/653 934/934/653 936/936/655
f 935/935/654 938/938/656 936/936/655
f 938/938/656 939/939/657 936/936/655
f 936/936/655 939/939/657 940/940/658
f 941/941/658 936/936/655 940/940/658
f 942/942/659 943/943/659 944/944/659
f 945/945/659 942/942/659 944/944/659
f 946/946/660 947/947/660 948/948/660
f 949/949/660 946/946/660 948/948/660
f 950/950/661 951/951/662 952/952/663
f 953/953/664 950/950/661 952/952/663
f 954/954/665 950/950/661 953/953/664
f 955/955/666 954/954/665 953/953/664
f 955/955/666 953/953/664 956/956/667
f 953/953/664 957/957/667 956/956/667
f 958/958/668 959/959/669 960/960/670
f 961/961/668 958/958/668 960/960/670
f 962/962/671 963/963/668 964/964/668
f 965/965/672 962/962/671 964/964/668
f 966/966/13 967/967/13 968/968/13
f 968/968/13 969/969/13 966/966/13
f 970/970/13 969/969/13 968/968/13
f 966/966/13 969/969/13 971/971/13
f 971/971/13 969/969/13 972/972/13
f 972/972/13 973/973/13 971/971/13
f 972/972/13 969/969/13 974/974/13
f 975/975/13 969/969/13 976/976/13
f 976/976/13 969/969/13 977/977/13
f 977/977/13 978/978/13 976/976/13
f 977/977/13 969/969/13 979/979/13
f 979/979/13 969/969/13 980/980/13
f 980/980/13 981/981/13 979/979/13
f 980/980/13 969/969/13 982/982/13
f 983/983/13 984/984/13 985/985/13
f 985/985/13 986/986/13 983/983/13
f 983/983/13 986/986/13 987/987/13
f 988/988/13 986/986/13 985/985/13
f 989/989/13 986/986/13 988/988/13
f 988/988/13 990/990/13 989/989/13
f 991/991/13 986/986/13 989/989/13
f 992/992/13 986/986/13 993/993/13
f 993/993/13 986/986/13 994/994/13
f 994/994/13 995/995/13 993/993/13
f 994/994/13 986/986/13 996/996/13
f 996/996/13 986/986/13 997/997/13
f 997/997/13 998/998/13 996/996/13
f 997/997/13 986/986/13 999/999/13
f 1000/1000/673 1001/1001/674 1002/1002/674
f 1003/1003/673 1000/1000/673 1002/1002/674
f 1004/1004/675 1000/1000/673 1003/1003/673
f 1005/1005/675 1004/1004/675 1003/1003/673
f 1006/1006/674 1007/1007/676 1008/1008/676
f 1009/1009/674 1006/1006/674 1008/1008/676
f 1008/1008/676 1007/1007/676 1010/1010/677
f 1007/1007/676 1011/1011/677 1010/1010/677
f 1012/1012/678 1013/1013/652 1014/1014/651
f 1015/1015/679 1012/1012/678 1014/1014/651
f 1015/1015/679 1016/1016/680 1012/1012/678
f 1015/1015/679 1017/1017/681 1016/1016/680
f 1015/1015/679 1018/1018/682 1017/1017/681
f 1018/1018/682 1019/1019/683 1017/1017/681
f 1016/1016/680 1020/1020/684 1012/1012/678
f 1016/1016/680 1021/1021/685 1020/1020/684
f 1021/1021/685 1016/1016/680 1017/1017/681
f 1021/1021/685 1022/1022/686 1020/1020/684
f 1022/1022/686 1023/1023/686 1020/1020/684
f 1024/1024/687 1025/1025/688 1026/1026/689
f 1024/1024/687 1027/1027/690 1025/1025/688
f 1028/1028/16 1027/1027/690 1024/1024/687
f 1029/1029/16 1028/1028/16 1024/1024/687
f 1030/1030/691 1028/1028/16 1029/1029/16
f 1031/1031/692 1030/1030/691 1029/1029/16
f 1032/1032/693 1030/1030/691 1031/1031/692
f 1033/1033/694 1032/1032/693 1031/1031/692
f 1034/1034/695 1035/1035/696 1036/1036/697
f 1037/1037/698 1034/1034/695 1036/1036/697
f 1038/1038/699 1034/1034/695 1037/1037/698
f 1039/1039/700 1038/1038/699 1037/1037/698
f 1035/1035/696 1034/1034/695 1040/1040/701
f 1034/1034/695 1041/1041/702 1040/1040/701
f 1042/1042/703 1041/1041/702 1034/1034/695
f 1038/1038/699 1042/1042/703 1034/1034/695
f 1043/1043/704 1044/1044/699 1045/1045/700
f 1046/1046/705 1043/1043/704 1045/1045/700
f 1047/1047/706 1043/1043/704 1046/1046/705
f 1047/1047/706 1048/1048/707 1043/1043/704
f 1048/1048/707 1049/1049/708 1043/1043/704
f 1043/1043/704 1049/1049/708 1044/1044/699
f 1050/1050/709 1047/1047/706 1046/1046/705
f 1049/1049/708 1051/1051/703 1044/1044/699
f 1052/1052/710 1053/1053/711 1054/1054/712
f 1055/1055/710 1052/1052/710 1054/1054/712
f 1053/1053/711 1056/1056/713 1054/1054/712
f 1056/1056/713 1057/1057/713 1054/1054/712
f 1058/1058/714 1059/1059/715 1060/1060/715
f 1061/1061/716 1058/1058/714 1060/1060/715
f 1058/1058/714 1061/1061/716 1062/1062/713
f 1061/1061/716 1063/1063/713 1062/1062/713
f 1064/1064/717 1065/1065/718 1066/1066/719
f 1067/1067/720 1064/1064/717 1066/1066/719
f 1066/1066/719 1068/1068/721 1067/1067/720
f 1069/1069/722 1070/1070/720 1071/1071/723
f 1070/1070/720 1072/1072/721 1071/1071/723
f 1071/1071/723 1073/1073/724 1069/1069/722
f 1074/1074/725 1075/1075/725 1076/1076/725
f 1077/1077/725 1074/1074/725 1076/1076/725
f 1078/1078/726 1079/1079/727 1080/1080/728
f 1081/1081/726 1078/1078/726 1080/1080/728
f 1079/1079/727 1082/1082/729 1080/1080/728
f 1079/1079/727 1083/1083/730 1082/1082/729
f 1084/1084/731 1082/1082/729 1083/1083/730
f 1085/1085/732 1084/1084/731 1083/1083/730
f 1086/1086/733 1082/1082/729 1084/1084/731
f 1080/1080/728 1082/1082/729 1086/1086/733
f 1086/1086/733 1084/1084/731 1087/1087/649
f 1088/1088/650 1086/1086/733 1087/1087/649
f 1085/1085/732 1083/1083/730 1089/1089/734
f 1090/1090/735 1091/1091/736 1092/1092/737
f 1093/1093/737 1090/1090/735 1092/1092/737
f 1090/1090/735 1094/1094/738 1091/1091/736
f 1094/1094/738 1095/1095/739 1091/1091/736
f 1091/1091/736 1095/1095/739 1096/1096/740
f 1097/1097/740 1091/1091/736 1096/1096/740
f 1098/1098/741 1099/1099/741 1100/1100/741
f 1101/1101/742 1098/1098/741 1100/1100/741
f 1102/1102/743 1103/1103/744 1104/1104/744
f 1105/1105/743 1102/1102/743 1104/1104/744
f 1106/1106/745 1107/1107/746 1108/1108/746
f 1109/1109/747 1106/1106/745 1108/1108/746
f 1110/1110/748 1106/1106/745 1109/1109/747
f 1111/1111/749 1110/1110/748 1109/1109/747
f 1111/1111/749 1109/1109/747 1112/1112/750
f 1109/1109/747 1113/1113/750 1112/1112/750
f 1114/1114/751 1115/1115/752 1116/1116/752
f 1117/1117/753 1114/1114/751 1116/1116/752
f 1118/1118/754 1119/1119/751 1120/1120/753
f 1121/1121/755 1118/1118/754 1120/1120/753
f 1122/1122/677 1123/1123/756 1124/1124/756
f 1125/1125/677 1122/1122/677 1124/1124/756
f 1124/1124/756 1123/1123/756 1126/1126/757
f 1123/1123/756 1127/1127/757 1126/1126/757
f 1128/1128/758 1129/1129/759 1130/1130/760
f 1128/1128/758 1131/1131/761 1129/1129/759
f 1132/1132/20 1131/1131/761 1128/1128/758
f 1133/1133/20 1132/1132/20 1128/1128/758
f 1134/1134/762 1132/1132/20 1133/1133/20
f 1135/1135/763 1134/1134/762 1133/1133/20
f 1136/1136/764 1134/1134/762 1135/1135/763
f 1135/1135/763 1137/1137/765 1136/1136/764
f 1138/1138/766 1139/1139/767 1140/1140/768
f 1141/1141/769 1138/1138/766 1140/1140/768
f 1142/1142/770 1138/1138/766 1141/1141/769
f 1143/1143/771 1142/1142/770 1141/1141/769
f 1139/1139/767 1138/1138/766 1144/1144/772
f 1138/1138/766 1145/1145/773 1144/1144/772
f 1146/1146/774 1145/1145/773 1138/1138/766
f 1142/1142/770 1146/1146/774 1138/1138/766
f 1147/1147/775 1148/1148/770 1149/1149/771
f 1150/1150/776 1147/1147/775 1149/1149/771
f 1151/1151/777 1147/1147/775 1150/1150/776
f 1151/1151/777 1152/1152/778 1147/1147/775
f 1152/1152/778 1153/1153/779 1147/1147/775
f 1147/1147/775 1153/1153/779 1148/1148/770
f 1154/1154/780 1151/1151/777 1150/1150/776
f 1153/1153/779 1155/1155/774 1148/1148/770
f 1156/1156/781 1157/1157/782 1158/1158/783
f 1159/1159/781 1156/1156/781 1158/1158/783
f 1157/1157/782 1160/1160/784 1158/1158/783
f 1160/1160/784 1161/1161/784 1158/1158/783
f 1162/1162/785 1163/1163/786 1164/1164/786
f 1165/1165/787 1162/1162/785 1164/1164/786
f 1162/1162/785 1165/1165/787 1166/1166/784
f 1165/1165/787 1167/1167/784 1166/1166/784
f 1168/1168/788 1169/1169/789 1170/1170/790
f 1171/1171/791 1168/1168/788 1170/1170/790
f 1170/1170/790 1172/1172/792 1171/1171/791
f 1173/1173/793 1174/1174/791 1175/1175/794
f 1174/1174/791 1176/1176/792 1175/1175/794
f 1175/1175/794 1177/1177/795 1173/1173/793
f 1178/1178/796 1179/1179/797 1180/1180/798
f 1181/1181/799 1178/1178/796 1180/1180/798
f 1178/1178/796 1182/1182/800 1179/1179/797
f 1182/1182/800 1183/1183/801 1179/1179/797
f 1179/1179/797 1183/1183/801 1184/1184/802
f 1185/1185/802 1179/1179/797 1184/1184/802
f 1186/1186/803 1187/1187/803 1188/1188/803
f 1189/1189/803 1186/1186/803 1188/1188/803
f 1190/1190/804 1191/1191/804 1192/1192/804
f 1193/1193/804 1190/1190/804 1192/1192/804
f 1194/1194/805 1195/1195/805 1196/1196/806
f 1197/1197/807 1194/1194/805 1196/1196/806
f 1198/1198/808 1197/1197/807 1196/1196/806
f 1199/1199/809 1198/1198/808 1196/1196/806
f 1199/1199/809 1196/1196/806 1200/1200/810
f 1196/1196/806 1201/1201/810 1200/1200/810
f 1202/1202/811 1203/1203/812 1204/1204/812
f 1205/1205/811 1202/1202/811 1204/1204/812
f 1206/1206/813 1207/1207/811 1208/1208/811
f 1209/1209/813 1206/1206/813 1208/1208/811
f 1210/1210/757 1211/1211/814 1212/1212/814
f 1213/1213/757 1210/1210/757 1212/1212/814
f 1212/1212/814 1211/1211/814 1214/1214/675
f 1211/1211/814 1215/1215/675 1214/1214/675
f 1216/1216/815 1217/1217/816 1218/1218/817
f 1216/1216/815 1218/1218/817 1219/1219/818
f 1216/1216/815 1219/1219/818 1220/1220/732
f 1216/1216/815 1220/1220/732 1221/1221/819
f 1219/1219/818 1218/1218/817 1222/1222/820
f 1219/1219/818 1222/1222/820 1223/1223/821
f 1222/1222/820 1224/1224/683 1223/1223/821
f 1225/1225/822 1222/1222/820 1218/1218/817
f 1217/1217/816 1225/1225/822 1218/1218/817
f 1217/1217/816 1226/1226/823 1225/1225/822
f 1226/1226/823 1227/1227/823 1225/1225/822
f 1228/1228/824 1229/1229/825 1230/1230/826
f 1228/1228/824 1231/1231/827 1229/1229/825
f 1232/1232/10 1231/1231/827 1228/1228/824
f 1233/1233/10 1232/1232/10 1228/1228/824
f 1234/1234/828 1232/1232/10 1233/1233/10
f 1235/1235/829 1234/1234/828 1233/1233/10
f 1236/1236/830 1234/1234/828 1235/1235/829
f 1237/1237/831 1236/1236/830 1235/1235/829
f 1238/1238/832 1239/1239/833 1240/1240/834
f 1241/1241/835 1238/1238/832 1240/1240/834
f 1242/1242/836 1238/1238/832 1241/1241/835
f 1243/1243/837 1242/1242/836 1241/1241/835
f 1239/1239/833 1238/1238/832 1244/1244/838
f 1238/1238/832 1245/1245/839 1244/1244/838
f 1246/1246/840 1245/1245/839 1238/1238/832
f 1242/1242/836 1246/1246/840 1238/1238/832
f 1247/1247/841 1248/1248/836 1249/1249/837
f 1250/1250/842 1247/1247/841 1249/1249/837
f 1251/1251/843 1247/1247/841 1250/1250/842
f 1251/1251/843 1252/1252/844 1247/1247/841
f 1252/1252/844 1253/1253/845 1247/1247/841
f 1247/1247/841 1253/1253/845 1248/1248/836
f 1254/1254/846 1251/1251/843 1250/1250/842
f 1253/1253/845 1255/1255/840 1248/1248/836
f 1256/1256/847 1257/1257/848 1258/1258/849
f 1259/1259/850 1256/1256/847 1258/1258/849
f 1257/1257/848 1260/1260/851 1258/1258/849
f 1260/1260/851 1261/1261/851 1258/1258/849
f 1262/1262/852 1263/1263/853 1264/1264/853
f 1265/1265/854 1262/1262/852 1264/1264/853
f 1262/1262/852 1265/1265/854 1266/1266/851
f 1265/1265/854 1267/1267/851 1266/1266/851
f 1268/1268/855 1269/1269/856 1270/1270/857
f 1271/1271/858 1268/1268/855 1270/1270/857
f 1270/1270/857 1272/1272/859 1271/1271/858
f 1273/1273/860 1274/1274/858 1275/1275/861
f 1274/1274/858 1276/1276/859 1275/1275/861
f 1275/1275/861 1277/1277/862 1273/1273/860
f 1278/1278/863 1279/1279/863 1280/1280/863
f 1281/1281/863 1278/1278/863 1280/1280/863
f 1282/1282/864 1283/1283/865 1284/1284/866
f 1285/1285/867 1282/1282/864 1284/1284/866
f 1283/1283/865 1286/1286/868 1284/1284/866
f 1286/1286/868 1287/1287/869 1284/1284/866
f 1284/1284/866 1287/1287/869 1288/1288/870
f 1289/1289/870 1284/1284/866 1288/1288/870
f 1290/1290/871 1291/1291/872 1292/1292/871
f 1293/1293/871 1290/1290/871 1292/1292/871
f 1294/1294/873 1295/1295/873 1296/1296/873
f 1297/1297/873 1294/1294/873 1296/1296/873
f 1298/1298/874 1299/1299/875 1300/1300/875
f 1301/1301/876 1298/1298/874 1300/1300/875
f 1302/1302/877 1298/1298/874 1301/1301/876
f 1303/1303/878 1302/1302/877 1301/1301/876
f 1303/1303/878 1301/1301/876 1304/1304/879
f 1301/1301/876 1305/1305/880 1304/1304/879
f 1306/1306/881 1307/1307/882 1308/1308/883
f 1309/1309/884 1306/1306/881 1308/1308/883
f 1310/1310/885 1311/1311/881 1312/1312/884
f 1313/1313/886 1310/1310/885 1312/1312/884
f 1314/1314/887 1315/1315/887 1316/1316/887
f 1317/1317/887 1314/1314/887 1316/1316/887
f 1318/1318/888 1319/1319/889 1320/1320/889
f 1321/1321/888 1318/1318/888 1320/1320/889
f 1320/1320/889 1319/1319/889 1322/1322/890
f 1319/1319/889 1323/1323/890 1322/1322/890
f 1324/1324/891 1325/1325/888 1326/1326/888
f 1327/1327/891 1324/1324/891 1326/1326/888
f 1328/1328/892 1324/1324/891 1327/1327/891
f 1329/1329/892 1328/1328/892 1327/1327/891
f 1330/1330/893 1331/1331/892 1332/1332/892
f 1333/1333/893 1330/1330/893 1332/1332/892
f 1334/1334/894 1330/1330/893 1333/1333/893
f 1335/1335/894 1334/1334/894 1333/1333/893
f 1336/1336/895 1337/1337/894 1338/1338/894
f 1339/1339/895 1336/1336/895 1338/1338/894
f 1340/1340/890 1336/1336/895 1339/1339/895
f 1341/1341/890 1340/1340/890 1339/1339/895
f 1342/1342/19 1343/1343/863 1344/1344/863
f 1345/1345/19 1342/1342/19 1344/1344/863
f 1346/1346/641 1342/1342/19 1345/1345/19
f 1347/1347/641 1346/1346/641 1345/1345/19
f 1348/1348/16 1346/1346/641 1347/1347/641
f 1349/1349/16 1348/1348/16 1347/1347/641
f 1350/1350/725 1348/1348/16 1349/1349/16
f 1351/1351/725 1350/1350/725 1349/1349/16
f 1352/1352/20 1350/1350/725 1351/1351/725
f 1353/1353/20 1352/1352/20 1351/1351/725
f 1354/1354/887 1352/1352/20 1353/1353/20
f 1355/1355/887 1354/1354/887 1353/1353/20
f 1356/1356/10 1354/1354/887 1355/1355/887
f 1357/1357/10 1356/1356/10 1355/1355/887
f 1343/1343/863 1356/1356/10 1357/1357/10
f 1344/1344/863 1343/1343/863 1357/1357/10
f 1358/1358/896 1359/1359/897 1360/1360/897
f 1361/1361/896 1358/1358/896 1360/1360/897
f 1360/1360/897 1359/1359/897 1362/1362/898
f 1359/1359/897 1363/1363/898 1362/1362/898
f 1364/1364/899 1365/1365/896 1366/1366/896
f 1367/1367/899 1364/1364/899 1366/1366/896
f 1368/1368/900 1364/1364/899 1367/1367/899
f 1369/1369/900 1368/1368/900 1367/1367/899
f 1370/1370/901 1371/1371/900 1372/1372/900
f 1373/1373/901 1370/1370/901 1372/1372/900
f 1374/1374/902 1370/1370/901 1373/1373/901
f 1375/1375/902 1374/1374/902 1373/1373/901
f 1376/1376/903 1377/1377/902 1378/1378/902
f 1379/1379/903 1376/1376/903 1378/1378/902
f 1380/1380/898 1376/1376/903 1379/1379/903
f 1381/1381/898 1380/1380/898 1379/1379/903
f 1382/1382/904 1383/1383/905 1384/1384/906
f 1385/1385/907 1383/1383/905 1382/1382/904
f 1386/1386/908 1385/1385/907 1382/1382/904
f 1387/1387/909 1386/1386/908 1382/1382/904
f 1388/1388/910 1386/1386/908 1387/1387/909
f 1389/1389/911 1386/1386/908 1388/1388/910
f 1390/1390/912 1389/1389/911 1388/1388/910
f 1391/1391/913 1389/1389/911 1390/1390/912
f 1383/1383/905 1392/1392/914 1384/1384/906
f 1392/1392/914 1393/1393/915 1384/1384/906
f 1384/1384/906 1393/1393/915 1394/1394/916
f 1395/1395/917 1396/1396/918 1397/1397/919
f 1395/1395/917 1397/1397/919 1398/1398/920
f 1399/1399/921 1395/1395/922 1400/1400/923
f 1401/1401/924 1399/1399/921 1400/1400/923
f 1401/1401/924 1402/1402/925 1399/1399/921
f 1401/1401/924 1403/1403/926 1404/1404/927
f 1404/1404/927 1403/1403/926 1405/1405/928
f 1406/1406/929 1404/1404/927 1405/1405/928
f 1405/1405/928 1407/1407/930 1406/1406/929
f 1406/1406/929 1407/1407/930 1408/1408/931
f 1408/1408/931 1407/1407/930 1409/1409/932
f 1410/1410/933 1408/1408/931 1409/1409/932
f 1410/1410/933 1409/1409/932 1411/1411/934
f 1412/1412/935 1410/1410/933 1411/1411/934
f 1411/1411/934 1413/1413/936 1412/1412/935
f 1412/1412/935 1413/1413/936 1414/1414/937
f 1415/1415/938 1412/1412/935 1414/1414/937
f 1415/1415/938 1414/1414/937 1416/1416/939
f 1417/1417/940 1415/1415/938 1416/1416/939
f 1417/1417/940 1416/1416/939 1418/1418/941
f 1419/1419/942 1417/1417/940 1418/1418/941
f 1419/1419/942 1418/1418/941 1420/1420/943
f 1421/1421/943 1419/1419/942 1420/1420/943
f 1422/1422/944 1423/1423/945 1424/1424/946
f 1422/1422/944 1425/1425/947 1423/1423/945
f 1426/1426/948 1423/1423/945 1425/1425/947
f 1427/1427/949 1426/1426/948 1425/1425/947
f 1428/1428/950 1425/1425/947 1422/1422/944
f 1428/1428/950 1422/1422/944 1429/1429/951
f 1430/1430/952 1429/1429/951 1422/1422/944
f 1422/1422/944 1431/1431/953 1430/1430/952
f 1424/1424/946 1431/1431/953 1422/1422/944
f 1432/1432/954 1429/1429/951 1430/1430/952
f 1432/1432/954 1430/1430/952 1433/1433/955
f 1434/1434/956 1435/1435/957 1436/1436/958
f 1435/1435/957 1437/1437/959 1436/1436/958
f 1435/1435/957 1438/1438/960 1437/1437/959
f 1435/1435/957 1439/1439/961 1438/1438/960
f 1440/1440/962 1439/1439/961 1435/1435/957
f 1440/1440/962 1441/1441/963 1439/1439/961
f 1442/1442/964 1441/1441/963 1440/1440/962
f 1442/1442/964 1443/1443/965 1441/1441/963
f 1444/1444/966 1443/1443/965 1442/1442/964
f 1444/1444/966 1445/1445/967 1443/1443/965
f 1446/1446/968 1445/1445/967 1444/1444/966
f 1447/1447/969 1445/1445/967 1446/1446/968
f 1447/1447/969 1448/1448/970 1445/1445/967
f 1449/1449/971 1448/1448/970 1447/1447/969
f 1450/1450/972 1451/1451/973 1452/1452/974
f 1451/1451/973 1450/1450/972 1453/1453/975
f 1451/1451/973 1453/1453/975 1454/1454/976
f 1455/1455/977 1456/1456/978 1457/1457/979
f 1458/1458/980 1456/1456/978 1455/1455/977
f 1459/1459/981 1458/1458/980 1455/1455/977
f 1460/1460/982 1459/1459/981 1455/1455/977
f 1461/1461/983 1459/1459/981 1460/1460/982
f 1462/1462/984 1459/1459/981 1461/1461/983
f 1463/1463/985 1462/1462/984 1461/1461/983
f 1464/1464/986 1462/1462/984 1463/1463/985
f 1456/1456/978 1465/1465/987 1457/1457/979
f 1465/1465/987 1466/1466/988 1457/1457/979
f 1457/1457/979 1466/1466/988 1467/1467/989
f 1468/1468/990 1469/1469/991 1470/1470/992
f 1468/1468/990 1470/1470/992 1471/1471/993
f 1472/1472/994 1468/1468/995 1473/1473/996
f 1474/1474/997 1472/1472/994 1473/1473/996
f 1474/1474/997 1475/1475/998 1472/1472/994
f 1474/1474/997 1476/1476/999 1475/1475/998
f 1475/1475/998 1476/1476/999 1477/1477/1000
f 1478/1478/1001 1475/1475/998 1477/1477/1000
f 1477/1477/1000 1479/1479/1002 1478/1478/1001
f 1478/1478/1001 1479/1479/1002 1480/1480/1003
f 1480/1480/1003 1479/1479/1002 1481/1481/1004
f 1482/1482/1005 1480/1480/1003 1481/1481/1004
f 1482/1482/1005 1481/1481/1004 1483/1483/1006
f 1484/1484/1007 1482/1482/1005 1483/1483/1006
f 1483/1483/1006 1485/1485/1008 1484/1484/1007
f 1484/1484/1007 1485/1485/1008 1486/1486/1009
f 1487/1487/1010 1484/1484/1007 1486/1486/1009
f 1487/1487/1010 1486/1486/1009 1488/1488/1011
f 1489/1489/1012 1487/1487/1010 1488/1488/1011
f 1489/1489/1012 1488/1488/1011 1490/1490/1013
f 1491/1491/1014 1489/1489/1012 1490/1490/1013
f 1491/1491/1014 1490/1490/1013 1492/1492/1015
f 1493/1493/1015 1491/1491/1014 1492/1492/1015
f 1494/1494/1016 1495/1495/1017 1496/1496/1018
f 1494/1494/1016 1497/1497/1019 1495/1495/1017
f 1498/1498/1020 1495/1495/1017 1497/1497/1019
f 1499/1499/1021 1498/1498/1020 1497/1497/1019
f 1500/1500/1022 1497/1497/1019 1494/1494/1016
f 1500/1500/1022 1494/1494/1016 1501/1501/1023
f 1502/1502/1024 1501/1501/1023 1494/1494/1016
f 1494/1494/1016 1503/1503/1025 1502/1502/1024
f 1494/1494/1016 1496/1496/1018 1503/1503/1025
f 1504/1504/1026 1501/1501/1023 1502/1502/1024
f 1504/1504/1026 1502/1502/1024 1505/1505/1027
f 1506/1506/1028 1507/1507/1028 1508/1508/1028
f 1509/1509/1029 1510/1510/1030 1511/1511/1031
f 1509/1509/1029 1512/1512/1032 1510/1510/1030
f 1509/1509/1029 1513/1513/1033 1512/1512/1032
f 1514/1514/1034 1513/1513/1033 1509/1509/1029
f 1514/1514/1034 1515/1515/1035 1513/1513/1033
f 1516/1516/1036 1515/1515/1035 1514/1514/1034
f 1516/1516/1036 1517/1517/1037 1515/1515/1035
f 1518/1518/1038 1517/1517/1037 1516/1516/1036
f 1518/1518/1038 1519/1519/1039 1517/1517/1037
f 1520/1520/1040 1519/1519/1039 1518/1518/1038
f 1521/1521/1041 1519/1519/1039 1520/1520/1040
f 1521/1521/1041 1522/1522/1042 1519/1519/1039
f 1523/1523/1043 1522/1522/1042 1521/1521/1041
f 1524/1524/1044 1509/1509/1029 1511/1511/1031
f 1525/1525/1045 1526/1526/1046 1527/1527/1047
f 1526/1526/1046 1525/1525/1045 1528/1528/1048
f 1526/1526/1046 1528/1528/1048 1529/1529/1049
f 1530/1530/1050 1531/1531/1051 1532/1532/1052
f 1530/1530/1050 1533/1533/1053 1531/1531/1051
f 1533/1533/1053 1534/1534/1054 1531/1531/1051
f 1534/1534/1054 1535/1535/1055 1531/1531/1051
f 1534/1534/1054 1536/1536/1056 1535/1535/1055
f 1534/1534/1054 1537/1537/1057 1536/1536/1056
f 1537/1537/1057 1538/1538/1058 1536/1536/1056
f 1537/1537/1057 1539/1539/1059 1538/1538/1058
f 1540/1540/1060 1530/1530/1050 1532/1532/1052
f 1541/1541/1061 1540/1540/1060 1532/1532/1052
f 1541/1541/1061 1532/1532/1052 1542/1542/1062
f 1543/1543/1063 1544/1544/1064 1545/1545/1065
f 1546/1546/1066 1544/1544/1064 1543/1543/1063
f 1544/1544/1064 1546/1546/1066 1547/1547/1067
f 1548/1548/1068 1549/1549/1069 1550/1550/1070
f 1550/1550/1070 1551/1551/1071 1548/1548/1068
f 1552/1552/1072 1551/1551/1071 1550/1550/1070
f 1552/1552/1072 1553/1553/1073 1551/1551/1071
f 1553/1553/1073 1552/1552/1072 1554/1554/1074
f 1552/1552/1072 1555/1555/1075 1554/1554/1074
f 1556/1556/1076 1554/1554/1074 1555/1555/1075
f 1556/1556/1076 1555/1555/1075 1557/1557/1077
f 1556/1556/1076 1557/1557/1077 1558/1558/1078
f 1557/1557/1077 1559/1559/1079 1558/1558/1078
f 1558/1558/1078 1559/1559/1079 1560/1560/1080
f 1559/1559/1079 1561/1561/1081 1560/1560/1080
f 1562/1562/1082 1560/1560/1080 1561/1561/1081
f 1562/1562/1082 1561/1561/1081 1563/1563/1083
f 1561/1561/1081 1564/1564/1084 1563/1563/1083
f 1563/1563/1083 1564/1564/1084 1565/1565/1085
f 1564/1564/1084 1566/1566/1086 1565/1565/1085
f 1565/1565/1085 1566/1566/1086 1567/1567/1087
f 1566/1566/1086 1568/1568/1088 1567/1567/1087
f 1567/1567/1087 1568/1568/1088 1569/1569/1089
f 1568/1568/1088 1570/1570/1089 1569/1569/1089
f 1571/1571/1090 1572/1572/1091 1573/1573/1092
f 1573/1573/1092 1572/1572/1091 1574/1574/1093
f 1575/1575/1094 1574/1574/1093 1572/1572/1091
f 1572/1572/1091 1576/1576/1095 1575/1575/1094
f 1575/1575/1094 1577/1577/1096 1574/1574/1093
f 1574/1574/1093 1577/1577/1096 1578/1578/1097
f 1579/1579/1098 1576/1576/1095 1572/1572/1091
f 1579/1579/1098 1572/1572/1091 1580/1580/1099
f 1571/1571/1090 1580/1580/1099 1572/1572/1091
f 1580/1580/1099 1581/1581/1100 1579/1579/1098
f 1581/1581/1100 1582/1582/1101 1579/1579/1098
f 1583/1583/1102 1584/1584/1103 1585/1585/1104
f 1586/1586/1105 1584/1584/1103 1583/1583/1102
f 1587/1587/1106 1584/1584/1103 1586/1586/1105
f 1588/1588/1107 1584/1584/1103 1587/1587/1106
f 1588/1588/1107 1589/1589/1108 1584/1584/1103
f 1590/1590/1109 1589/1589/1108 1588/1588/1107
f 1590/1590/1109 1591/1591/1110 1589/1589/1108
f 1592/1592/1111 1591/1591/1110 1590/1590/1109
f 1592/1592/1111 1593/1593/1112 1591/1591/1110
f 1594/1594/1113 1593/1593/1112 1592/1592/1111
f 1594/1594/1113 1595/1595/1114 1593/1593/1112
f 1594/1594/1113 1596/1596/1115 1595/1595/1114
f 1597/1597/1116 1596/1596/1115 1594/1594/1113
f 1597/1597/1116 1598/1598/1117 1596/1596/1115
f 1599/1599/1118 1600/1600/1119 1601/1601/1120
f 1599/1599/1118 1602/1602/1121 1600/1600/1119
f 1602/1602/1121 1603/1603/1122 1600/1600/1119
f 1603/1603/1122 1604/1604/1123 1600/1600/1119
f 1603/1603/1122 1605/1605/1124 1604/1604/1123
f 1603/1603/1122 1606/1606/1125 1605/1605/1124
f 1606/1606/1125 1607/1607/1126 1605/1605/1124
f 1606/1606/1125 1608/1608/1127 1607/1607/1126
f 1609/1609/1128 1599/1599/1118 1601/1601/1120
f 1610/1610/1129 1609/1609/1128 1601/1601/1120
f 1610/1610/1129 1601/1601/1120 1611/1611/1130
f 1612/1612/1131 1613/1613/1132 1614/1614/1133
f 1615/1615/1134 1613/1613/1132 1612/1612/1131
f 1613/1613/1132 1615/1615/1134 1616/1616/1135
f 1617/1617/1136 1618/1618/1137 1619/1619/1138
f 1619/1619/1138 1620/1620/1139 1617/1617/1136
f 1621/1621/1140 1620/1620/1139 1619/1619/1138
f 1622/1622/1141 1623/1623/1142 1620/1620/1143
f 1623/1623/1142 1622/1622/1141 1624/1624/1144
f 1622/1622/1141 1625/1625/1145 1624/1624/1144
f 1626/1626/1146 1624/1624/1144 1625/1625/1145
f 1626/1626/1146 1625/1625/1145 1627/1627/1147
f 1626/1626/1146 1627/1627/1147 1628/1628/1148
f 1627/1627/1147 1629/1629/1149 1628/1628/1148
f 1628/1628/1148 1629/1629/1149 1630/1630/1150
f 1629/1629/1149 1631/1631/1151 1630/1630/1150
f 1632/1632/1152 1630/1630/1150 1631/1631/1151
f 1632/1632/1152 1631/1631/1151 1633/1633/1153
f 1631/1631/1151 1634/1634/1154 1633/1633/1153
f 1633/1633/1153 1634/1634/1154 1635/1635/1155
f 1634/1634/1154 1636/1636/1156 1635/1635/1155
f 1635/1635/1155 1636/1636/1156 1637/1637/1157
f 1636/1636/1156 1638/1638/1158 1637/1637/1157
f 1637/1637/1157 1638/1638/1158 1639/1639/1159
f 1638/1638/1158 1640/1640/1159 1639/1639/1159
f 1641/1641/1160 1642/1642/1161 1643/1643/1162
f 1642/1642/1161 1641/1641/1160 1644/1644/1163
f 1645/1645/1164 1644/1644/1163 1641/1641/1160
f 1641/1641/1160 1646/1646/1165 1645/1645/1164
f 1645/1645/1164 1647/1647/1166 1644/1644/1163
f 1644/1644/1163 1647/1647/1166 1648/1648/1167
f 1649/1649/1168 1646/1646/1165 1641/1641/1160
f 1649/1649/1168 1641/1641/1160 1650/1650/1169
f 1643/1643/1162 1650/1650/1169 1641/1641/1160
f 1650/1650/1169 1651/1651/1170 1649/1649/1168
f 1651/1651/1170 1652/1652/1171 1649/1649/1168
f 1653/1653/1172 1654/1654/1173 1655/1655/1174
f 1656/1656/1175 1654/1654/1173 1653/1653/1172
f 1657/1657/1176 1654/1654/1173 1656/1656/1175
f 1658/1658/1177 1654/1654/1173 1657/1657/1176
f 1658/1658/1177 1659/1659/1178 1654/1654/1173
f 1660/1660/1179 1659/1659/1178 1658/1658/1177
f 1660/1660/1179 1661/1661/1180 1659/1659/1178
f 1662/1662/1181 1661/1661/1180 1660/1660/1179
f 1662/1662/1181 1663/1663/1182 1661/1661/1180
f 1664/1664/1183 1663/1663/1182 1662/1662/1181
f 1664/1664/1183 1665/1665/1184 1663/1663/1182
f 1664/1664/1183 1666/1666/1185 1665/1665/1184
f 1667/1667/1186 1666/1666/1185 1664/1664/1183
f 1667/1667/1186 1668/1668/1187 1666/1666/1185
f 1669/1669/1188 1670/1670/1189 1671/1671/1190
f 1672/1672/1191 1669/1669/1188 1671/1671/1190
f 1673/1673/1192 1670/1670/1189 1669/1669/1188
f 1674/1674/1193 1673/1673/1192 1669/1669/1188
f 1675/1675/1194 1673/1673/1192 1674/1674/1193
f 1676/1676/1195 1673/1673/1192 1675/1675/1194
f 1677/1677/1196 1676/1676/1195 1675/1675/1194
f 1678/1678/1197 1677/1677/1196 1675/1675/1194
f 1679/1679/1198 1680/1680/1199 1681/1681/1200
f 1682/1682/1201 1680/1680/1199 1679/1679/1198
f 1683/1683/1202 1682/1682/1201 1679/1679/1198
f 1684/1684/1203 1682/1682/1201 1683/1683/1202
f 1685/1685/1204 1684/1684/1203 1683/1683/1202
f 1686/1686/1205 1684/1684/1203 1685/1685/1204
f 1687/1687/1206 1688/1688/1207 1689/1689/1207
f 1690/1690/1208 1687/1687/1206 1689/1689/1207
f 1690/1690/1208 1691/1691/1209 1687/1687/1206
f 1691/1691/1209 1692/1692/1210 1687/1687/1206
f 1693/1693/1211 1692/1692/1210 1691/1691/1209
f 1691/1691/1209 1694/1694/1212 1693/1693/1211
f 1694/1694/1212 1695/1695/1213 1693/1693/1211
f 1696/1696/1214 1695/1695/1213 1694/1694/1212
f 1697/1697/1215 1698/1698/1216 1699/1699/1217
f 1697/1697/1215 1700/1700/1218 1698/1698/1216
f 1700/1700/1218 1701/1701/1219 1698/1698/1216
f 1700/1700/1218 1702/1702/1220 1701/1701/1219
f 1702/1702/1220 1703/1703/1221 1701/1701/1219
f 1702/1702/1220 1704/1704/1222 1703/1703/1221
f 1705/1705/1223 1706/1706/1223 1707/1707/1224
f 1708/1708/1224 1705/1705/1223 1707/1707/1224
f 1705/1705/1223 1709/1709/1225 1706/1706/1223
f 1709/1709/1225 1710/1710/1225 1706/1706/1223
f 1711/1711/1226 1710/1710/1225 1709/1709/1225
f 1712/1712/1226 1711/1711/1226 1709/1709/1225
f 1712/1712/1226 1713/1713/1227 1711/1711/1226
f 1713/1713/1227 1714/1714/1227 1711/1711/1226
f 1715/1715/1228 1716/1716/1229 1717/1717/1230
f 1717/1717/1230 1716/1716/1229 1718/1718/1231
f 1717/1717/1230 1718/1718/1231 1719/1719/1232
f 1720/1720/1233 1717/1717/1230 1719/1719/1232
f 1720/1720/1233 1719/1719/1232 1721/1721/1234
f 1722/1722/1235 1720/1720/1233 1721/1721/1234
f 1722/1722/1235 1721/1721/1234 1723/1723/1236
f 1724/1724/1237 1722/1722/1235 1723/1723/1236
f 1724/1724/1237 1723/1723/1236 1725/1725/1238
f 1726/1726/1238 1724/1724/1237 1725/1725/1238
f 1716/1716/1229 1727/1727/1239 1718/1718/1231
f 1728/1728/1240 1729/1729/1240 1730/1730/1240
f 1731/1731/1240 1728/1728/1240 1730/1730/1240
f 1732/1732/1241 1733/1733/1242 1734/1734/1242
f 1735/1735/1243 1732/1732/1241 1734/1734/1242
f 1732/1732/1241 1735/1735/1243 1736/1736/1244
f 1734/1734/1242 1733/1733/1242 1737/1737/1245
f 1733/1733/1242 1738/1738/1245 1737/1737/1245
f 1739/1739/1246 1740/1740/1246 1741/1741/1246
f 1742/1742/1246 1739/1739/1246 1741/1741/1246
f 1743/1743/1247 1744/1744/1248 1745/1745/1249
f 1746/1746/1250 1743/1743/1247 1745/1745/1249
f 1745/1745/1249 1744/1744/1248 1747/1747/1251
f 1744/1744/1248 1748/1748/1252 1747/1747/1251
f 1747/1747/1251 1748/1748/1252 1749/1749/1253
f 1748/1748/1252 1750/1750/1254 1749/1749/1253
f 1751/1751/1255 1746/1746/1250 1745/1745/1249
f 1752/1752/1256 1751/1751/1255 1745/1745/1249
f 1752/1752/1256 1745/1745/1249 1747/1747/1251
f 1753/1753/1257 1747/1747/1251 1749/1749/1253
f 1753/1753/1257 1752/1752/1256 1747/1747/1251
f 1754/1754/1258 1753/1753/1257 1749/1749/1253
f 1746/1746/1250 1751/1751/1255 1755/1755/1259
f 1756/1756/1260 1746/1746/1250 1755/1755/1259
f 1743/1743/1247 1746/1746/1250 1756/1756/1260
f 1757/1757/1261 1756/1756/1260 1755/1755/1259
f 1758/1758/1262 1757/1757/1261 1755/1755/1259
f 1758/1758/1262 1759/1759/1263 1757/1757/1261
f 1759/1759/1263 1760/1760/1263 1757/1757/1261
f 1749/1749/1253 1750/1750/1254 1761/1761/1264
f 1749/1749/1253 1761/1761/1264 1754/1754/1258
f 1750/1750/1254 1762/1762/1265 1761/1761/1264
f 1761/1761/1264 1762/1762/1265 1763/1763/1266
f 1762/1762/1265 1764/1764/1267 1763/1763/1266
f 1765/1765/1268 1761/1761/1264 1763/1763/1266
f 1761/1761/1264 1765/1765/1268 1754/1754/1258
f 1766/1766/1269 1765/1765/1268 1763/1763/1266
f 1764/1764/1267 1767/1767/1270 1763/1763/1266
f 1764/1764/1267 1768/1768/1271 1767/1767/1270
f 1768/1768/1271 1769/1769/1272 1767/1767/1270
f 1768/1768/1271 1770/1770/1273 1769/1769/1272
f 1770/1770/1273 1771/1771/1274 1769/1769/1272
f 1771/1771/1274 1770/1770/1273 1772/1772/1275
f 1770/1770/1273 1773/1773/1276 1772/1772/1275
f 1770/1770/1273 1774/1774/1277 1773/1773/1276
f 1774/1774/1277 1775/1775/1277 1773/1773/1276
f 1766/1766/1269 1763/1763/1266 1776/1776/1278
f 1766/1766/1269 1776/1776/1278 1777/1777/1279
f 1777/1777/1279 1776/1776/1278 1778/1778/1280
f 1778/1778/1280 1772/1772/1275 1773/1773/1276
f 1777/1777/1279 1778/1778/1280 1773/1773/1276
f 1779/1779/1281 1780/1780/1282 1781/1781/1282
f 1782/1782/1281 1779/1779/1281 1781/1781/1282
f 1780/1780/1282 1783/1783/1283 1781/1781/1282
f 1783/1783/1283 1784/1784/1283 1781/1781/1282
f 1782/1782/1281 1760/1760/1263 1779/1779/1281
f 1760/1760/1263 1759/1759/1263 1779/1779/1281
f 1785/1785/1284 1786/1786/1285 1787/1787/1286
f 1788/1788/1287 1785/1785/1284 1787/1787/1286
f 1788/1788/1287 1789/1789/1288 1785/1785/1284
f 1789/1789/1288 1790/1790/1289 1785/1785/1284
f 1789/1789/1288 1791/1791/1290 1790/1790/1289
f 1789/1789/1288 1792/1792/1291 1791/1791/1290
f 1792/1792/1291 1793/1793/1292 1791/1791/1290
f 1793/1793/1292 1794/1794/1293 1791/1791/1290
f 1795/1795/1294 1796/1796/1295 1797/1797/1296
f 1795/1795/1294 1798/1798/1297 1796/1796/1295
f 1798/1798/1297 1799/1799/1298 1796/1796/1295
f 1798/1798/1297 1800/1800/1299 1799/1799/1298
f 1800/1800/1299 1801/1801/1300 1799/1799/1298
f 1800/1800/1299 1802/1802/1301 1801/1801/1300
f 1803/1803/1302 1804/1804/1303 1805/1805/1304
f 1806/1806/1304 1803/1803/1302 1805/1805/1304
f 1807/1807/1305 1804/1804/1303 1803/1803/1302
f 1808/1808/1306 1807/1807/1305 1803/1803/1302
f 1808/1808/1306 1809/1809/1307 1807/1807/1305
f 1810/1810/1308 1807/1807/1305 1809/1809/1307
f 1811/1811/1309 1810/1810/1308 1809/1809/1307
f 1811/1811/1309 1812/1812/1310 1810/1810/1308
f 1813/1813/1311 1814/1814/1312 1815/1815/1313
f 1816/1816/1314 1814/1814/1312 1813/1813/1311
f 1817/1817/1315 1816/1816/1314 1813/1813/1311
f 1818/1818/1316 1816/1816/1314 1817/1817/1315
f 1819/1819/1317 1818/1818/1316 1817/1817/1315
f 1820/1820/1318 1818/1818/1316 1819/1819/1317
f 1821/1821/1319 1822/1822/1320 1823/1823/1320
f 1824/1824/1319 1821/1821/1319 1823/1823/1320
f 1825/1825/1321 1821/1821/1319 1824/1824/1319
f 1826/1826/1321 1825/1825/1321 1824/1824/1319
f 1826/1826/1321 1827/1827/1322 1825/1825/1321
f 1827/1827/1322 1828/1828/1322 1825/1825/1321
f 1829/1829/1323 1828/1828/1322 1827/1827/1322
f 1830/1830/1323 1829/1829/1323 1827/1827/1322
f 1831/1831/1324 1832/1832/1325 1833/1833/1326
f 1831/1831/1324 1833/1833/1326 1834/1834/1327
f 1834/1834/1327 1833/1833/1326 1835/1835/1328
f 1833/1833/1326 1836/1836/1329 1835/1835/1328
f 1835/1835/1328 1836/1836/1329 1837/1837/1330
f 1836/1836/1329 1838/1838/1331 1837/1837/1330
f 1837/1837/1330 1838/1838/1331 1839/1839/1332
f 1838/1838/1331 1840/1840/1333 1839/1839/1332
f 1839/1839/1332 1840/1840/1333 1841/1841/1334
f 1840/1840/1333 1842/1842/1334 1841/1841/1334
f 1843/1843/1335 1831/1831/1324 1834/1834/1327
f 1844/1844/1336 1845/1845/1336 1846/1846/1336
f 1847/1847/1336 1844/1844/1336 1846/1846/1336
f 1848/1848/1337 1849/1849/1338 1850/1850/1339
f 1851/1851/1339 1848/1848/1337 1850/1850/1339
f 1849/1849/1338 1848/1848/1337 1852/1852/1340
f 1851/1851/1339 1850/1850/1339 1853/1853/1341
f 1854/1854/1341 1851/1851/1339 1853/1853/1341
f 1855/1855/1342 1856/1856/1342 1857/1857/1342
f 1858/1858/1342 1855/1855/1342 1857/1857/1342
f 1859/1859/1343 1860/1860/1344 1861/1861/1345
f 1862/1862/1346 1859/1859/1343 1861/1861/1345
f 1862/1862/1346 1861/1861/1345 1863/1863/1347
f 1864/1864/1348 1862/1862/1346 1863/1863/1347
f 1864/1864/1348 1863/1863/1347 1865/1865/1349
f 1866/1866/1350 1864/1864/1348 1865/1865/1349
f 1860/1860/1344 1867/1867/1351 1861/1861/1345
f 1867/1867/1351 1868/1868/1352 1861/1861/1345
f 1861/1861/1345 1868/1868/1352 1863/1863/1347
f 1863/1863/1347 1869/1869/1353 1865/1865/1349
f 1868/1868/1352 1869/1869/1353 1863/1863/1347
f 1869/1869/1353 1870/1870/1354 1865/1865/1349
f 1867/1867/1351 1860/1860/1344 1871/1871/1355
f 1860/1860/1344 1872/1872/1356 1871/1871/1355
f 1860/1860/1344 1859/1859/1343 1872/1872/1356
f 1866/1866/1350 1865/1865/1349 1873/1873/1357
f 1873/1873/1357 1865/1865/1349 1870/1870/1354
f 1874/1874/1358 1866/1866/1350 1873/1873/1357
f 1874/1874/1358 1873/1873/1357 1875/1875/1359
f 1876/1876/1360 1874/1874/1358 1875/1875/1359
f 1873/1873/1357 1877/1877/1361 1875/1875/1359
f 1877/1877/1361 1873/1873/1357 1870/1870/1354
f 1877/1877/1361 1878/1878/1362 1875/1875/1359
f 1879/1879/1363 1876/1876/1360 1875/1875/1359
f 1880/1880/1364 1876/1876/1360 1879/1879/1363
f 1881/1881/1365 1880/1880/1364 1879/1879/1363
f 1882/1882/1366 1880/1880/1364 1881/1881/1365
f 1883/1883/1367 1882/1882/1366 1881/1881/1365
f 1882/1882/1366 1883/1883/1367 1884/1884/1368
f 1885/1885/1369 1882/1882/1366 1884/1884/1368
f 1886/1886/1370 1882/1882/1366 1885/1885/1369
f 1887/1887/1370 1886/1886/1370 1885/1885/1369
f 1875/1875/1359 1878/1878/1362 1888/1888/1371
f 1888/1888/1371 1878/1878/1362 1889/1889/1372
f 1888/1888/1371 1889/1889/1372 1890/1890/1373
f 1890/1890/1373 1889/1889/1372 1885/1885/1369
f 1884/1884/1368 1890/1890/1373 1885/1885/1369
f 1891/1891/1374 1892/1892/1374 1893/1893/1375
f 1894/1894/1376 1891/1891/1374 1893/1893/1375
f 1892/1892/1374 1891/1891/1374 1895/1895/1377
f 1891/1891/1374 1896/1896/1377 1895/1895/1377
f 1895/1895/1377 1896/1896/1377 1897/1897/1378
f 1898/1898/1378 1895/1895/1377 1897/1897/1378
f 1899/1899/1379 1898/1898/1378 1897/1897/1378
f 1900/1900/1379 1899/1899/1379 1897/1897/1378
f 1894/1894/1376 1893/1893/1375 1871/1871/1355
f 1872/1872/1356 1894/1894/1376 1871/1871/1355
f 1901/1901/1380 1902/1902/1380 1903/1903/1380
f 1904/1904/1381 1905/1905/1381 1906/1906/1381
f 1907/1907/1382 1908/1908/1382 1909/1909/1382
f 1910/1910/1383 1911/1911/1384 1912/1912/1385
f 1913/1913/1386 1911/1911/1384 1910/1910/1383
f 1914/1914/1387 1911/1911/1384 1913/1913/1386
f 1912/1912/1385 1911/1911/1384 1915/1915/1388
f 1915/1915/1388 1911/1911/1384 1916/1916/1389
f 1916/1916/1389 1911/1911/1384 1917/1917/1390
f 1918/1918/1391 1914/1914/1387 1913/1913/1386
f 1919/1919/1392 1914/1914/1387 1918/1918/1391
f 1920/1920/1393 1919/1919/1392 1918/1918/1391
f 1921/1921/1394 1919/1919/1392 1920/1920/1393
f 1920/1920/1393 1922/1922/1395 1921/1921/1394
f 1923/1923/1396 1924/1924/1397 1925/1925/1398
f 1926/1926/1399 1923/1923/1396 1925/1925/1398
f 1924/1924/1397 1927/1927/1400 1925/1925/1398
f 1928/1928/1401 1923/1923/1396 1926/1926/1399
f 1928/1928/1401 1926/1926/1399 1929/1929/1402
f 1930/1930/1403 1928/1928/1401 1929/1929/1402
f 1930/1930/1403 1929/1929/1402 1931/1931/1404
f 1931/1931/1404 1929/1929/1402 1932/1932/1405
f 1933/1933/1406 1931/1931/1404 1932/1932/1405
f 1934/1934/1407 1933/1933/1406 1932/1932/1405
f 1934/1934/1407 1932/1932/1405 1935/1935/1408
f 1936/1936/1409 1934/1934/1407 1935/1935/1408
f 1936/1936/1409 1935/1935/1408 1937/1937/1410
f 1936/1936/1409 1937/1937/1410 1938/1938/1411
f 1937/1937/1410 1939/1939/1412 1938/1938/1411
f 1939/1939/1412 1940/1940/1413 1938/1938/1411
f 1940/1940/1413 1941/1941/1414 1938/1938/1411
f 1938/1938/1411 1941/1941/1414 1942/1942/1415
f 1941/1941/1414 1943/1943/1416 1942/1942/1415
f 1942/1942/1415 1943/1943/1416 1944/1944/1417
f 1943/1943/1416 1945/1945/1418 1944/1944/1417
f 1945/1945/1418 1946/1946/1419 1944/1944/1417
f 1947/1947/1420 1948/1948/1421 1949/1949/1422
f 1947/1947/1420 1950/1950/1423 1948/1948/1421
f 1947/1947/1420 1951/1951/1424 1950/1950/1423
f 1947/1947/1420 1949/1949/1422 1952/1952/1425
f 1947/1947/1420 1952/1952/1425 1953/1953/1426
f 1947/1947/1420 1953/1953/1426 1954/1954/1427
f 1951/1951/1424 1955/1955/1428 1950/1950/1423
f 1951/1951/1424 1956/1956/1429 1955/1955/1428
f 1956/1956/1429 1957/1957/1430 1955/1955/1428
f 1957/1957/1430 1956/1956/1429 1958/1958/1431
f 1958/1958/1431 1959/1959/1432 1957/1957/1430
f 1958/1958/1431 1960/1960/1433 1959/1959/1432
f 1961/1961/1434 1959/1959/1432 1960/1960/1433
f 1962/1962/1435 1961/1961/1434 1960/1960/1433
f 1961/1961/1434 1962/1962/1435 1963/1963/1436
f 1963/1963/1436 1964/1964/1437 1961/1961/1434
f 1965/1965/1438 1966/1966/1439 1967/1967/1440
f 1968/1968/1441 1965/1965/1438 1967/1967/1440
f 1969/1969/1442 1968/1968/1441 1967/1967/1440
f 1966/1966/1439 1965/1965/1438 1970/1970/1443
f 1966/1966/1439 1970/1970/1443 1971/1971/1444
f 1970/1970/1443 1972/1972/1445 1971/1971/1444
f 1971/1971/1444 1972/1972/1445 1973/1973/1446
f 1971/1971/1444 1973/1973/1446 1974/1974/1447
f 1973/1973/1446 1975/1975/1448 1974/1974/1447
f 1975/1975/1448 1976/1976/1449 1974/1974/1447
f 1977/1977/1450 1974/1974/1447 1976/1976/1449
f 1976/1976/1449 1978/1978/1451 1977/1977/1450
f 1977/1977/1450 1978/1978/1451 1979/1979/1452
f 1979/1979/1452 1978/1978/1451 1980/1980/1453
f 1981/1981/1454 1979/1979/1452 1980/1980/1453
f 1982/1982/1455 1981/1981/1454 1980/1980/1453
f 1983/1983/1456 1982/1982/1455 1980/1980/1453
f 1983/1983/1456 1980/1980/1453 1984/1984/1457
f 1985/1985/1458 1983/1983/1456 1984/1984/1457
f 1985/1985/1458 1984/1984/1457 1986/1986/1459
f 1987/1987/1460 1985/1985/1458 1986/1986/1459
f 1988/1988/1461 1987/1987/1460 1986/1986/1459
f 1989/1989/1462 1990/1990/1463 1991/1991/1463
f 1992/1992/1462 1989/1989/1462 1991/1991/1463
f 1993/1993/1464 1989/1989/1462 1992/1992/1462
f 1994/1994/1464 1993/1993/1464 1992/1992/1462
f 1995/1995/1465 1993/1993/1464 1994/1994/1464
f 1996/1996/1465 1995/1995/1465 1994/1994/1464
f 1997/1997/1466 1995/1995/1465 1996/1996/1465
f 1998/1998/1466 1997/1997/1466 1996/1996/1465
f 1999/1999/1467 1997/1997/1466 1998/1998/1466
f 2000/2000/1467 1999/1999/1467 1998/1998/1466
f 2001/2001/1468 1999/1999/1467 2000/2000/1467
f 2002/2002/1468 2001/2001/1468 2000/2000/1467
f 1991/1991/1463 1990/1990/1463 2003/2003/1469
f 2004/2004/1470 2005/2005/1471 2006/2006/1471
f 2007/2007/1470 2004/2004/1470 2006/2006/1471
f 2008/2008/1472 2004/2004/1470 2007/2007/1470
f 2009/2009/1472 2008/2008/1472 2007/2007/1470
f 2010/2010/1473 2008/2008/1472 2009/2009/1472
f 2011/2011/1473 2010/2010/1473 2009/2009/1472
f 2012/2012/1474 2010/2010/1473 2011/2011/1473
f 2013/2013/1474 2012/2012/1474 2011/2011/1473
f 2014/2014/1475 2012/2012/1474 2013/2013/1474
f 2015/2015/1475 2014/2014/1475 2013/2013/1474
f 2016/2016/1476 2014/2014/1475 2015/2015/1475
f 2017/2017/1476 2016/2016/1476 2015/2015/1475
f 2018/2018/1477 2019/2019/1478 2020/2020/1478
f 2021/2021/1479 2018/2018/1477 2020/2020/1478
f 2022/2022/1480 2018/2018/1477 2021/2021/1479
f 2023/2023/1480 2022/2022/1480 2021/2021/1479
f 2024/2024/1481 2022/2022/1480 2023/2023/1480
f 2025/2025/1481 2024/2024/1481 2023/2023/1480
f 2026/2026/1482 2024/2024/1481 2025/2025/1481
f 2027/2027/1482 2026/2026/1482 2025/2025/1481
f 2026/2026/1482 2027/2027/1482 2028/2028/1483
f 2029/2029/1484 2030/2030/1485 2031/2031/1486
f 2032/2032/1487 2029/2029/1484 2031/2031/1486
f 2033/2033/1488 2029/2029/1484 2032/2032/1487
f 2032/2032/1487 2034/2034/1489 2033/2033/1488
f 2030/2030/1485 2035/2035/1490 2031/2031/1486
f 2036/2036/1491 2037/2037/1492 2038/2038/1493
f 2036/2036/1491 2039/2039/1494 2037/2037/1492
f 2036/2036/1491 2040/2040/1495 2039/2039/1494
f 2036/2036/1491 2038/2038/1493 2041/2041/1496
f 2036/2036/1491 2041/2041/1496 2042/2042/1497
f 2036/2036/1491 2042/2042/1497 2043/2043/1498
f 2040/2040/1495 2044/2044/1499 2039/2039/1494
f 2040/2040/1495 2045/2045/1500 2044/2044/1499
f 2045/2045/1500 2046/2046/1501 2044/2044/1499
f 2045/2045/1500 2047/2047/1502 2046/2046/1501
f 2048/2048/1503 2046/2046/1501 2047/2047/1502
f 2049/2049/1504 2050/2050/1505 2051/2051/1506
f 2052/2052/1507 2049/2049/1504 2051/2051/1506
f 2053/2053/1508 2052/2052/1507 2051/2051/1506
f 2050/2050/1505 2049/2049/1504 2054/2054/1509
f 2050/2050/1505 2054/2054/1509 2055/2055/1510
f 2054/2054/1509 2056/2056/1511 2055/2055/1510
f 2055/2055/1510 2056/2056/1511 2057/2057/1512
f 2055/2055/1510 2057/2057/1512 2058/2058/1513
f 2057/2057/1512 2059/2059/1514 2058/2058/1513
f 2059/2059/1514 2060/2060/1515 2058/2058/1513
f 2058/2058/1513 2060/2060/1515 2061/2061/1516
f 2060/2060/1515 2062/2062/1517 2061/2061/1516
f 2061/2061/1516 2062/2062/1517 2063/2063/1518
f 2063/2063/1518 2062/2062/1517 2064/2064/1519
f 2065/2065/1520 2063/2063/1518 2064/2064/1519
f 2066/2066/1521 2065/2065/1520 2064/2064/1519
f 2067/2067/1522 2066/2066/1521 2064/2064/1519
f 2067/2067/1522 2064/2064/1519 2068/2068/1523
f 2069/2069/1524 2067/2067/1522 2068/2068/1523
f 2069/2069/1524 2068/2068/1523 2070/2070/1417
f 2071/2071/1525 2069/2069/1524 2070/2070/1417
f 2072/2072/1419 2071/2071/1525 2070/2070/1417
f 2073/2073/1526 2074/2074/1527 2075/2075/1528
f 2076/2076/1529 2074/2074/1527 2073/2073/1526
f 2077/2077/1530 2074/2074/1527 2076/2076/1529
f 2075/2075/1528 2074/2074/1527 2078/2078/1531
f 2078/2078/1531 2074/2074/1527 2079/2079/1532
f 2079/2079/1532 2074/2074/1527 2080/2080/1533
f 2081/2081/1534 2077/2077/1530 2076/2076/1529
f 2082/2082/1535 2077/2077/1530 2081/2081/1534
f 2083/2083/1536 2082/2082/1535 2081/2081/1534
f 2082/2082/1535 2083/2083/1536 2084/2084/1537
f 2085/2085/1538 2084/2084/1537 2083/2083/1536
f 2086/2086/1539 2084/2084/1537 2085/2085/1538
f 2085/2085/1538 2087/2087/1540 2086/2086/1539
f 2087/2087/1540 2088/2088/1541 2086/2086/1539
f 2088/2088/1541 2087/2087/1540 2089/2089/1542
f 2090/2090/1543 2089/2089/1542 2087/2087/1540
f 2091/2091/1544 2092/2092/1545 2093/2093/1546
f 2094/2094/1547 2091/2091/1544 2093/2093/1546
f 2092/2092/1545 2095/2095/1548 2093/2093/1546
f 2096/2096/1549 2091/2091/1544 2094/2094/1547
f 2096/2096/1549 2094/2094/1547 2097/2097/1550
f 2098/2098/1551 2096/2096/1549 2097/2097/1550
f 2098/2098/1551 2097/2097/1550 2099/2099/1552
f 2099/2099/1552 2097/2097/1550 2100/2100/1553
f 2101/2101/1554 2099/2099/1552 2100/2100/1553
f 2102/2102/1555 2101/2101/1554 2100/2100/1553
f 2100/2100/1553 2103/2103/1556 2102/2102/1555
f 2104/2104/1557 2102/2102/1555 2103/2103/1556
f 2104/2104/1557 2103/2103/1556 2105/2105/1558
f 2104/2104/1557 2105/2105/1558 2106/2106/1559
f 2105/2105/1558 2107/2107/1560 2106/2106/1559
f 2107/2107/1560 2108/2108/1561 2106/2106/1559
f 2108/2108/1561 2109/2109/1562 2106/2106/1559
f 2106/2106/1559 2109/2109/1562 2110/2110/1563
f 2109/2109/1562 2111/2111/1564 2110/2110/1563
f 2110/2110/1563 2111/2111/1564 2112/2112/1459
f 2111/2111/1564 2113/2113/1565 2112/2112/1459
f 2113/2113/1565 2114/2114/1461 2112/2112/1459
f 2115/2115/1566 2116/2116/1566 2117/2117/1567
f 2118/2118/1567 2115/2115/1566 2117/2117/1567
f 2115/2115/1566 2119/2119/1568 2116/2116/1566
f 2119/2119/1568 2120/2120/1568 2116/2116/1566
f 2119/2119/1568 2121/2121/1569 2120/2120/1568
f 2121/2121/1569 2122/2122/1569 2120/2120/1568
f 2121/2121/1569 2123/2123/1570 2122/2122/1569
f 2123/2123/1570 2124/2124/1570 2122/2122/1569
f 2123/2123/1570 2125/2125/1571 2124/2124/1570
f 2125/2125/1571 2126/2126/1571 2124/2124/1570
f 2125/2125/1571 2127/2127/1572 2126/2126/1571
f 2127/2127/1572 2128/2128/1572 2126/2126/1571
f 2118/2118/1567 2117/2117/1567 2129/2129/1573
f 2130/2130/1574 2131/2131/1574 2132/2132/1575
f 2133/2133/1575 2130/2130/1574 2132/2132/1575
f 2130/2130/1574 2134/2134/1576 2131/2131/1574
f 2134/2134/1576 2135/2135/1576 2131/2131/1574
f 2134/2134/1576 2136/2136/1577 2135/2135/1576
f 2136/2136/1577 2137/2137/1577 2135/2135/1576
f 2136/2136/1577 2138/2138/1578 2137/2137/1577
f 2138/2138/1578 2139/2139/1578 2137/2137/1577
f 2138/2138/1578 2140/2140/1579 2139/2139/1578
f 2140/2140/1579 2141/2141/1579 2139/2139/1578
f 2140/2140/1579 2142/2142/1580 2141/2141/1579
f 2142/2142/1580 2143/2143/1580 2141/2141/1579
f 2144/2144/1581 2145/2145/1582 2146/2146/1583
f 2147/2147/1583 2144/2144/1581 2146/2146/1583
f 2144/2144/1581 2148/2148/1584 2145/2145/1582
f 2148/2148/1584 2149/2149/1584 2145/2145/1582
f 2148/2148/1584 2150/2150/1585 2149/2149/1584
f 2150/2150/1585 2151/2151/1585 2149/2149/1584
f 2150/2150/1585 2152/2152/1586 2151/2151/1585
f 2152/2152/1586 2153/2153/1586 2151/2151/1585
f 2153/2153/1586 2152/2152/1586 2154/2154/1587
f 2155/2155/1588 2156/2156/1589 2157/2157/1590
f 2158/2158/1591 2155/2155/1588 2157/2157/1590
f 2156/2156/1589 2155/2155/1588 2159/2159/1592
f 2159/2159/1592 2160/2160/1593 2156/2156/1589
f 2161/2161/1594 2158/2158/1591 2157/2157/1590
f 2162/2162/9 2163/2163/1595 2164/2164/1595
f 2165/2165/9 2162/2162/9 2164/2164/1595
f 2164/2164/1595 2163/2163/1595 2166/2166/1596
f 2163/2163/1595 2167/2167/1596 2166/2166/1596
f 2166/2166/1596 2167/2167/1596 2168/2168/1597
f 2167/2167/1596 2169/2169/1597 2168/2168/1597
f 2170/2170/1598 2171/2171/1599 2172/2172/1600
f 2173/2173/1598 2170/2170/1598 2172/2172/1600
f 2172/2172/1600 2171/2171/1599 2174/2174/1601
f 2171/2171/1599 2175/2175/1602 2174/2174/1601
f 2174/2174/1601 2175/2175/1602 2176/2176/1603
f 2177/2177/1604 2174/2174/1601 2176/2176/1603
f 2178/2178/1605 2179/2179/1606 2180/2180/1606
f 2181/2181/1607 2178/2178/1605 2180/2180/1606
f 2181/2181/1607 2182/2182/1608 2178/2178/1605
f 2182/2182/1608 2183/2183/1609 2178/2178/1605
f 2184/2184/1610 2183/2183/1609 2182/2182/1608
f 2185/2185/1611 2184/2184/1610 2182/2182/1608
f 2186/2186/16 2187/2187/16 2188/2188/16
f 2189/2189/16 2186/2186/16 2188/2188/16
f 2190/2190/1612 2191/2191/1613 2192/2192/1614
f 2192/2192/1614 2193/2193/1615 2190/2190/1612
f 2193/2193/1615 2194/2194/1616 2190/2190/1612
f 2195/2195/1617 2194/2194/1616 2193/2193/1615
f 2196/2196/1618 2195/2195/1617 2193/2193/1615
f 2196/2196/1618 2197/2197/1619 2195/2195/1617
f 2197/2197/1619 2198/2198/1620 2195/2195/1617
f 2197/2197/1619 2196/2196/1618 2199/2199/1621
f 2200/2200/1622 2197/2197/1619 2199/2199/1621
f 2200/2200/1622 2199/2199/1621 2201/2201/1623
f 2202/2202/1624 2200/2200/1622 2201/2201/1623
f 2202/2202/1624 2201/2201/1623 2203/2203/1625
f 2204/2204/1626 2202/2202/1624 2203/2203/1625
f 2204/2204/1626 2203/2203/1625 2205/2205/1627
f 2206/2206/1628 2204/2204/1626 2205/2205/1627
f 2206/2206/1628 2205/2205/1627 2207/2207/1629
f 2208/2208/1630 2206/2206/1628 2207/2207/1629
f 2208/2208/1630 2207/2207/1629 2209/2209/1631
f 2210/2210/1632 2208/2208/1630 2209/2209/1631
f 2210/2210/1632 2209/2209/1631 2211/2211/1633
f 2212/2212/1634 2210/2210/1632 2211/2211/1633
f 2198/2198/1620 2197/2197/1619 2213/2213/1635
f 2214/2214/1636 2198/2198/1620 2213/2213/1635
f 2214/2214/1636 2213/2213/1635 2215/2215/1637
f 2213/2213/1635 2216/2216/1638 2215/2215/1637
f 2217/2217/1639 2215/2215/1637 2216/2216/1638
f 2218/2218/1640 2219/2219/1615 2220/2220/1614
f 2221/2221/1641 2218/2218/1640 2220/2220/1614
f 2219/2219/1615 2218/2218/1640 2222/2222/1642
f 2218/2218/1640 2223/2223/1643 2222/2222/1642
f 2222/2222/1642 2223/2223/1643 2224/2224/1621
f 2223/2223/1643 2225/2225/1644 2224/2224/1621
f 2224/2224/1621 2225/2225/1644 2226/2226/1623
f 2225/2225/1644 2227/2227/1645 2226/2226/1623
f 2226/2226/1623 2227/2227/1645 2228/2228/1625
f 2227/2227/1645 2229/2229/1646 2228/2228/1625
f 2228/2228/1625 2229/2229/1646 2230/2230/1627
f 2229/2229/1646 2231/2231/1647 2230/2230/1627
f 2230/2230/1627 2231/2231/1647 2232/2232/1629
f 2231/2231/1647 2233/2233/1648 2232/2232/1629
f 2232/2232/1629 2233/2233/1648 2234/2234/1649
f 2233/2233/1648 2235/2235/1650 2234/2234/1649
f 2234/2234/1649 2235/2235/1650 2236/2236/1633
f 2235/2235/1650 2237/2237/1651 2236/2236/1633
f 2238/2238/1652 2239/2239/19 2240/2240/19
f 2241/2241/1653 2239/2239/19 2238/2238/1652
f 2242/2242/1654 2239/2239/19 2241/2241/1653
f 2243/2243/1655 2239/2239/19 2242/2242/1654
f 2244/2244/1656 2239/2239/19 2243/2243/1655
f 2245/2245/1657 2239/2239/19 2244/2244/1656
f 2246/2246/1658 2239/2239/19 2245/2245/1657
f 2247/2247/1659 2239/2239/19 2246/2246/1658
f 2248/2248/19 2239/2239/19 2247/2247/1659
f 2239/2239/19 2249/2249/1660 2240/2240/19
f 2239/2239/19 2250/2250/1661 2249/2249/1660
f 2239/2239/19 2251/2251/1662 2250/2250/1661
f 2239/2239/19 2252/2252/1663 2251/2251/1662
f 2239/2239/19 2253/2253/1664 2252/2252/1663
f 2239/2239/19 2254/2254/1665 2253/2253/1664
f 2239/2239/19 2255/2255/1666 2254/2254/1665
f 2239/2239/19 2256/2256/1667 2255/2255/1666
f 2239/2239/19 2248/2248/19 2256/2256/1667
f 2257/2257/9 2258/2258/9 2259/2259/1668
f 2260/2260/1668 2257/2257/9 2259/2259/1668
f 2260/2260/1668 2259/2259/1668 2261/2261/1669
f 2262/2262/1669 2260/2260/1668 2261/2261/1669
f 2262/2262/1669 2261/2261/1669 2263/2263/1670
f 2264/2264/1670 2262/2262/1669 2263/2263/1670
f 2265/2265/1598 2266/2266/1598 2267/2267/1671
f 2268/2268/1672 2265/2265/1598 2267/2267/1671
f 2268/2268/1672 2267/2267/1671 2269/2269/1673
f 2270/2270/1674 2268/2268/1672 2269/2269/1673
f 2270/2270/1674 2269/2269/1673 2271/2271/1675
f 2269/2269/1673 2272/2272/1676 2271/2271/1675
f 2273/2273/1677 2274/2274/1678 2275/2275/1606
f 2276/2276/1606 2273/2273/1677 2275/2275/1606
f 2277/2277/1679 2274/2274/1678 2273/2273/1677
f 2278/2278/1680 2277/2277/1679 2273/2273/1677
f 2278/2278/1680 2279/2279/1681 2277/2277/1679
f 2279/2279/1681 2280/2280/1681 2277/2277/1679
f 2281/2281/10 2282/2282/10 2283/2283/10
f 2284/2284/10 2281/2281/10 2283/2283/10
f 2285/2285/1613 2286/2286/1682 2287/2287/1614
f 2288/2288/1683 2287/2287/1614 2286/2286/1682
f 2289/2289/1684 2288/2288/1683 2286/2286/1682
f 2289/2289/1684 2290/2290/1685 2288/2288/1683
f 2290/2290/1685 2291/2291/1686 2288/2288/1683
f 2292/2292/1687 2291/2291/1686 2290/2290/1685
f 2291/2291/1686 2292/2292/1687 2293/2293/1688
f 2292/2292/1687 2294/2294/1689 2293/2293/1688
f 2293/2293/1688 2294/2294/1689 2295/2295/1690
f 2294/2294/1689 2296/2296/1691 2295/2295/1690
f 2295/2295/1690 2296/2296/1691 2297/2297/1692
f 2296/2296/1691 2298/2298/1693 2297/2297/1692
f 2297/2297/1692 2298/2298/1693 2299/2299/1694
f 2298/2298/1693 2300/2300/1695 2299/2299/1694
f 2301/2301/1696 2292/2292/1687 2290/2290/1685
f 2299/2299/1694 2300/2300/1695 2302/2302/1697
f 2300/2300/1695 2303/2303/1698 2302/2302/1697
f 2302/2302/1697 2303/2303/1698 2304/2304/1699
f 2303/2303/1698 2305/2305/1700 2304/2304/1699
f 2304/2304/1699 2305/2305/1700 2306/2306/1633
f 2305/2305/1700 2307/2307/1634 2306/2306/1633
f 2292/2292/1687 2301/2301/1696 2308/2308/1701
f 2301/2301/1696 2309/2309/1702 2308/2308/1701
f 2308/2308/1701 2309/2309/1702 2310/2310/1703
f 2311/2311/1638 2308/2308/1701 2310/2310/1703
f 2310/2310/1703 2312/2312/1639 2311/2311/1638
f 2313/2313/1704 2314/2314/1641 2315/2315/1614
f 2316/2316/1683 2313/2313/1704 2315/2315/1614
f 2313/2313/1704 2316/2316/1683 2317/2317/1705
f 2318/2318/1706 2313/2313/1704 2317/2317/1705
f 2318/2318/1706 2317/2317/1705 2319/2319/1688
f 2320/2320/1707 2318/2318/1706 2319/2319/1688
f 2320/2320/1707 2319/2319/1688 2321/2321/1690
f 2322/2322/1708 2320/2320/1707 2321/2321/1690
f 2322/2322/1708 2321/2321/1690 2323/2323/1692
f 2324/2324/1709 2322/2322/1708 2323/2323/1692
f 2324/2324/1709 2323/2323/1692 2325/2325/1694
f 2326/2326/1710 2324/2324/1709 2325/2325/1694
f 2326/2326/1710 2325/2325/1694 2327/2327/1711
f 2328/2328/1712 2326/2326/1710 2327/2327/1711
f 2328/2328/1712 2327/2327/1711 2329/2329/1713
f 2330/2330/1714 2328/2328/1712 2329/2329/1713
f 2330/2330/1714 2329/2329/1713 2331/2331/1633
f 2332/2332/1651 2330/2330/1714 2331/2331/1633
f 2333/2333/1715 2334/2334/1716 2335/2335/1638
f 2336/2336/1717 2333/2333/1715 2335/2335/1638
f 2333/2333/1715 2336/2336/1717 2337/2337/1718
f 2338/2338/1719 2333/2333/1715 2337/2337/1718
f 2338/2338/1719 2337/2337/1718 2339/2339/1622
f 2340/2340/1720 2338/2338/1719 2339/2339/1622
f 2340/2340/1720 2339/2339/1622 2341/2341/1624
f 2342/2342/1721 2340/2340/1720 2341/2341/1624
f 2342/2342/1721 2341/2341/1624 2343/2343/1626
f 2344/2344/1722 2342/2342/1721 2343/2343/1626
f 2344/2344/1722 2343/2343/1626 2345/2345/1628
f 2346/2346/1723 2344/2344/1722 2345/2345/1628
f 2346/2346/1723 2345/2345/1628 2347/2347/1630
f 2348/2348/1724 2346/2346/1723 2347/2347/1630
f 2348/2348/1724 2347/2347/1630 2349/2349/1725
f 2350/2350/1726 2348/2348/1724 2349/2349/1725
f 2350/2350/1726 2349/2349/1725 2351/2351/1634
f 2352/2352/1727 2350/2350/1726 2351/2351/1634
f 2353/2353/20 2354/2354/1728 2355/2355/20
f 2353/2353/20 2356/2356/1729 2354/2354/1728
f 2353/2353/20 2357/2357/1730 2356/2356/1729
f 2353/2353/20 2358/2358/1731 2357/2357/1730
f 2353/2353/20 2359/2359/1732 2358/2358/1731
f 2353/2353/20 2360/2360/1733 2359/2359/1732
f 2353/2353/20 2361/2361/1734 2360/2360/1733
f 2353/2353/20 2362/2362/1735 2361/2361/1734
f 2353/2353/20 2363/2363/20 2362/2362/1735
f 2364/2364/1736 2353/2353/20 2355/2355/20
f 2365/2365/1737 2353/2353/20 2364/2364/1736
f 2366/2366/1738 2353/2353/20 2365/2365/1737
f 2367/2367/1739 2353/2353/20 2366/2366/1738
f 2368/2368/1740 2353/2353/20 2367/2367/1739
f 2369/2369/1741 2353/2353/20 2368/2368/1740
f 2370/2370/1742 2353/2353/20 2369/2369/1741
f 2371/2371/1743 2353/2353/20 2370/2370/1742
f 2363/2363/20 2353/2353/20 2371/2371/1743
f 2372/2372/1744 2373/2373/1701 2374/2374/1638
f 2375/2375/1716 2372/2372/1744 2374/2374/1638
f 2373/2373/1701 2372/2372/1744 2376/2376/1745
f 2372/2372/1744 2377/2377/1746 2376/2376/1745
f 2376/2376/1745 2377/2377/1746 2378/2378/1689
f 2377/2377/1746 2379/2379/1747 2378/2378/1689
f 2378/2378/1689 2379/2379/1747 2380/2380/1691
f 2379/2379/1747 2381/2381/1748 2380/2380/1691
f 2380/2380/1691 2381/2381/1748 2382/2382/1693
f 2381/2381/1748 2383/2383/1749 2382/2382/1693
f 2382/2382/1693 2383/2383/1749 2384/2384/1695
f 2383/2383/1749 2385/2385/1750 2384/2384/1695
f 2384/2384/1695 2385/2385/1750 2386/2386/1698
f 2385/2385/1750 2387/2387/1751 2386/2386/1698
f 2386/2386/1698 2387/2387/1751 2388/2388/1700
f 2387/2387/1751 2389/2389/1752 2388/2388/1700
f 2388/2388/1700 2389/2389/1752 2390/2390/1634
f 2389/2389/1752 2391/2391/1727 2390/2390/1634
f 2392/2392/1753 2393/2393/1754 1549/1549/1069
f 2394/2394/1755 1549/1549/1069 2393/2393/1754
f 2395/2395/1756 2396/2396/1757 1618/1618/1137
f 2397/2397/1758 1618/1618/1137 2396/2396/1757
